pair_id,entity,entity_label,polymarket_market_id,polymarket_ticker,polymarket_title,kalshi_ticker,kalshi_title,kalshi_subtitle,polymarket_strike_floor,polymarket_strike_bound,polymarket_relation,kalshi_strike_floor,kalshi_strike_bound,kalshi_relation,strike_gap,close_time_utc,close_ms,close_delta_ms,polymarket_settlement_index,kalshi_settlement_index,polymarket_quote_currency,kalshi_quote_currency,polymarket_functional_kind,polymarket_window_ms,polymarket_window_position,kalshi_functional_kind,kalshi_window_ms,kalshi_window_position,polymarket_resolver,kalshi_resolver,score_total,failed_gates,caveat_index_basis,caveat_quote_currency_basis,caveat_measurement_window_basis,caveat_threshold
polymarket:3719559|kalshi:KXBTCD-26AUG1909-T62599.99,crypto:btc,Bitcoin,3719559,bitcoin-above-62600-on-august-19-2026-9am-et,"Bitcoin above 62,600 on August 19, 9AM ET?",KXBTCD-26AUG1909-T62599.99,"Bitcoin price on Aug 19, 2026?","$62,600 or above",62600,exclusive,above,62599.99,exclusive,above,0.01,2026-08-19T13:00:00Z,1787144400000,0,binance,cf-benchmarks-brti,usdt,usd,point-close,0,ends-at-close,window-mean,60000,precedes-close,uma-optimistic-oracle,exchange-operator,0.79545,measurement-instant,"index basis: binance vs cf-benchmarks-brti. Different observables of the same asset, which near the strike can sit on opposite sides of it.","quote-currency basis: usdt vs usd. A stablecoin-quoted price and a fiat composite are not the same number, and the peg moves.","measurement-window basis: point close at the listed time vs mean over 60s window preceding the listed time. Different statistics over different windows at the same listed time, so the legs can resolve oppositely whenever the final window moves, and the divergence is SIGNED rather than mean-zero.","threshold knife-edge: the legs sit ONE quotation tick apart (62599.99 vs 62600 on a 0.01 grid), so any settled value in (62599.99, 62600] resolves them oppositely, the closed endpoint included. The population at risk is narrow, but the settled value need not land on that grid."
polymarket:3719558|kalshi:KXBTCD-26AUG1909-T62799.99,crypto:btc,Bitcoin,3719558,bitcoin-above-62800-on-august-19-2026-9am-et,"Bitcoin above 62,800 on August 19, 9AM ET?",KXBTCD-26AUG1909-T62799.99,"Bitcoin price on Aug 19, 2026?","$62,800 or above",62800,exclusive,above,62799.99,exclusive,above,0.01,2026-08-19T13:00:00Z,1787144400000,0,binance,cf-benchmarks-brti,usdt,usd,point-close,0,ends-at-close,window-mean,60000,precedes-close,uma-optimistic-oracle,exchange-operator,0.79545,measurement-instant,"index basis: binance vs cf-benchmarks-brti. Different observables of the same asset, which near the strike can sit on opposite sides of it.","quote-currency basis: usdt vs usd. A stablecoin-quoted price and a fiat composite are not the same number, and the peg moves.","measurement-window basis: point close at the listed time vs mean over 60s window preceding the listed time. Different statistics over different windows at the same listed time, so the legs can resolve oppositely whenever the final window moves, and the divergence is SIGNED rather than mean-zero.","threshold knife-edge: the legs sit ONE quotation tick apart (62799.99 vs 62800 on a 0.01 grid), so any settled value in (62799.99, 62800] resolves them oppositely, the closed endpoint included. The population at risk is narrow, but the settled value need not land on that grid."
polymarket:3719557|kalshi:KXBTCD-26AUG1909-T62999.99,crypto:btc,Bitcoin,3719557,bitcoin-above-63000-on-august-19-2026-9am-et,"Bitcoin above 63,000 on August 19, 9AM ET?",KXBTCD-26AUG1909-T62999.99,"Bitcoin price on Aug 19, 2026?","$63,000 or above",63000,exclusive,above,62999.99,exclusive,above,0.01,2026-08-19T13:00:00Z,1787144400000,0,binance,cf-benchmarks-brti,usdt,usd,point-close,0,ends-at-close,window-mean,60000,precedes-close,uma-optimistic-oracle,exchange-operator,0.79545,measurement-instant,"index basis: binance vs cf-benchmarks-brti. Different observables of the same asset, which near the strike can sit on opposite sides of it.","quote-currency basis: usdt vs usd. A stablecoin-quoted price and a fiat composite are not the same number, and the peg moves.","measurement-window basis: point close at the listed time vs mean over 60s window preceding the listed time. Different statistics over different windows at the same listed time, so the legs can resolve oppositely whenever the final window moves, and the divergence is SIGNED rather than mean-zero.","threshold knife-edge: the legs sit ONE quotation tick apart (62999.99 vs 63000 on a 0.01 grid), so any settled value in (62999.99, 63000] resolves them oppositely, the closed endpoint included. The population at risk is narrow, but the settled value need not land on that grid."
polymarket:3719556|kalshi:KXBTCD-26AUG1909-T63199.99,crypto:btc,Bitcoin,3719556,bitcoin-above-63200-on-august-19-2026-9am-et,"Bitcoin above 63,200 on August 19, 9AM ET?",KXBTCD-26AUG1909-T63199.99,"Bitcoin price on Aug 19, 2026?","$63,200 or above",63200,exclusive,above,63199.99,exclusive,above,0.01,2026-08-19T13:00:00Z,1787144400000,0,binance,cf-benchmarks-brti,usdt,usd,point-close,0,ends-at-close,window-mean,60000,precedes-close,uma-optimistic-oracle,exchange-operator,0.79545,measurement-instant,"index basis: binance vs cf-benchmarks-brti. Different observables of the same asset, which near the strike can sit on opposite sides of it.","quote-currency basis: usdt vs usd. A stablecoin-quoted price and a fiat composite are not the same number, and the peg moves.","measurement-window basis: point close at the listed time vs mean over 60s window preceding the listed time. Different statistics over different windows at the same listed time, so the legs can resolve oppositely whenever the final window moves, and the divergence is SIGNED rather than mean-zero.","threshold knife-edge: the legs sit ONE quotation tick apart (63199.99 vs 63200 on a 0.01 grid), so any settled value in (63199.99, 63200] resolves them oppositely, the closed endpoint included. The population at risk is narrow, but the settled value need not land on that grid."
polymarket:3719555|kalshi:KXBTCD-26AUG1909-T63399.99,crypto:btc,Bitcoin,3719555,bitcoin-above-63400-on-august-19-2026-9am-et,"Bitcoin above 63,400 on August 19, 9AM ET?",KXBTCD-26AUG1909-T63399.99,"Bitcoin price on Aug 19, 2026?","$63,400 or above",63400,exclusive,above,63399.99,exclusive,above,0.01,2026-08-19T13:00:00Z,1787144400000,0,binance,cf-benchmarks-brti,usdt,usd,point-close,0,ends-at-close,window-mean,60000,precedes-close,uma-optimistic-oracle,exchange-operator,0.79545,measurement-instant,"index basis: binance vs cf-benchmarks-brti. Different observables of the same asset, which near the strike can sit on opposite sides of it.","quote-currency basis: usdt vs usd. A stablecoin-quoted price and a fiat composite are not the same number, and the peg moves.","measurement-window basis: point close at the listed time vs mean over 60s window preceding the listed time. Different statistics over different windows at the same listed time, so the legs can resolve oppositely whenever the final window moves, and the divergence is SIGNED rather than mean-zero.","threshold knife-edge: the legs sit ONE quotation tick apart (63399.99 vs 63400 on a 0.01 grid), so any settled value in (63399.99, 63400] resolves them oppositely, the closed endpoint included. The population at risk is narrow, but the settled value need not land on that grid."
polymarket:3719554|kalshi:KXBTCD-26AUG1909-T63599.99,crypto:btc,Bitcoin,3719554,bitcoin-above-63600-on-august-19-2026-9am-et,"Bitcoin above 63,600 on August 19, 9AM ET?",KXBTCD-26AUG1909-T63599.99,"Bitcoin price on Aug 19, 2026?","$63,600 or above",63600,exclusive,above,63599.99,exclusive,above,0.01,2026-08-19T13:00:00Z,1787144400000,0,binance,cf-benchmarks-brti,usdt,usd,point-close,0,ends-at-close,window-mean,60000,precedes-close,uma-optimistic-oracle,exchange-operator,0.79545,measurement-instant,"index basis: binance vs cf-benchmarks-brti. Different observables of the same asset, which near the strike can sit on opposite sides of it.","quote-currency basis: usdt vs usd. A stablecoin-quoted price and a fiat composite are not the same number, and the peg moves.","measurement-window basis: point close at the listed time vs mean over 60s window preceding the listed time. Different statistics over different windows at the same listed time, so the legs can resolve oppositely whenever the final window moves, and the divergence is SIGNED rather than mean-zero.","threshold knife-edge: the legs sit ONE quotation tick apart (63599.99 vs 63600 on a 0.01 grid), so any settled value in (63599.99, 63600] resolves them oppositely, the closed endpoint included. The population at risk is narrow, but the settled value need not land on that grid."
polymarket:3719553|kalshi:KXBTCD-26AUG1909-T63799.99,crypto:btc,Bitcoin,3719553,bitcoin-above-63800-on-august-19-2026-9am-et,"Bitcoin above 63,800 on August 19, 9AM ET?",KXBTCD-26AUG1909-T63799.99,"Bitcoin price on Aug 19, 2026?","$63,800 or above",63800,exclusive,above,63799.99,exclusive,above,0.01,2026-08-19T13:00:00Z,1787144400000,0,binance,cf-benchmarks-brti,usdt,usd,point-close,0,ends-at-close,window-mean,60000,precedes-close,uma-optimistic-oracle,exchange-operator,0.79545,measurement-instant,"index basis: binance vs cf-benchmarks-brti. Different observables of the same asset, which near the strike can sit on opposite sides of it.","quote-currency basis: usdt vs usd. A stablecoin-quoted price and a fiat composite are not the same number, and the peg moves.","measurement-window basis: point close at the listed time vs mean over 60s window preceding the listed time. Different statistics over different windows at the same listed time, so the legs can resolve oppositely whenever the final window moves, and the divergence is SIGNED rather than mean-zero.","threshold knife-edge: the legs sit ONE quotation tick apart (63799.99 vs 63800 on a 0.01 grid), so any settled value in (63799.99, 63800] resolves them oppositely, the closed endpoint included. The population at risk is narrow, but the settled value need not land on that grid."
polymarket:3719552|kalshi:KXBTCD-26AUG1909-T63999.99,crypto:btc,Bitcoin,3719552,bitcoin-above-64000-on-august-19-2026-9am-et,"Bitcoin above 64,000 on August 19, 9AM ET?",KXBTCD-26AUG1909-T63999.99,"Bitcoin price on Aug 19, 2026?","$64,000 or above",64000,exclusive,above,63999.99,exclusive,above,0.01,2026-08-19T13:00:00Z,1787144400000,0,binance,cf-benchmarks-brti,usdt,usd,point-close,0,ends-at-close,window-mean,60000,precedes-close,uma-optimistic-oracle,exchange-operator,0.79545,measurement-instant,"index basis: binance vs cf-benchmarks-brti. Different observables of the same asset, which near the strike can sit on opposite sides of it.","quote-currency basis: usdt vs usd. A stablecoin-quoted price and a fiat composite are not the same number, and the peg moves.","measurement-window basis: point close at the listed time vs mean over 60s window preceding the listed time. Different statistics over different windows at the same listed time, so the legs can resolve oppositely whenever the final window moves, and the divergence is SIGNED rather than mean-zero.","threshold knife-edge: the legs sit ONE quotation tick apart (63999.99 vs 64000 on a 0.01 grid), so any settled value in (63999.99, 64000] resolves them oppositely, the closed endpoint included. The population at risk is narrow, but the settled value need not land on that grid."
polymarket:3719551|kalshi:KXBTCD-26AUG1909-T64199.99,crypto:btc,Bitcoin,3719551,bitcoin-above-64200-on-august-19-2026-9am-et,"Bitcoin above 64,200 on August 19, 9AM ET?",KXBTCD-26AUG1909-T64199.99,"Bitcoin price on Aug 19, 2026?","$64,200 or above",64200,exclusive,above,64199.99,exclusive,above,0.01,2026-08-19T13:00:00Z,1787144400000,0,binance,cf-benchmarks-brti,usdt,usd,point-close,0,ends-at-close,window-mean,60000,precedes-close,uma-optimistic-oracle,exchange-operator,0.79545,measurement-instant,"index basis: binance vs cf-benchmarks-brti. Different observables of the same asset, which near the strike can sit on opposite sides of it.","quote-currency basis: usdt vs usd. A stablecoin-quoted price and a fiat composite are not the same number, and the peg moves.","measurement-window basis: point close at the listed time vs mean over 60s window preceding the listed time. Different statistics over different windows at the same listed time, so the legs can resolve oppositely whenever the final window moves, and the divergence is SIGNED rather than mean-zero.","threshold knife-edge: the legs sit ONE quotation tick apart (64199.99 vs 64200 on a 0.01 grid), so any settled value in (64199.99, 64200] resolves them oppositely, the closed endpoint included. The population at risk is narrow, but the settled value need not land on that grid."
polymarket:3719550|kalshi:KXBTCD-26AUG1909-T64399.99,crypto:btc,Bitcoin,3719550,bitcoin-above-64400-on-august-19-2026-9am-et,"Bitcoin above 64,400 on August 19, 9AM ET?",KXBTCD-26AUG1909-T64399.99,"Bitcoin price on Aug 19, 2026?","$64,400 or above",64400,exclusive,above,64399.99,exclusive,above,0.01,2026-08-19T13:00:00Z,1787144400000,0,binance,cf-benchmarks-brti,usdt,usd,point-close,0,ends-at-close,window-mean,60000,precedes-close,uma-optimistic-oracle,exchange-operator,0.79545,measurement-instant,"index basis: binance vs cf-benchmarks-brti. Different observables of the same asset, which near the strike can sit on opposite sides of it.","quote-currency basis: usdt vs usd. A stablecoin-quoted price and a fiat composite are not the same number, and the peg moves.","measurement-window basis: point close at the listed time vs mean over 60s window preceding the listed time. Different statistics over different windows at the same listed time, so the legs can resolve oppositely whenever the final window moves, and the divergence is SIGNED rather than mean-zero.","threshold knife-edge: the legs sit ONE quotation tick apart (64399.99 vs 64400 on a 0.01 grid), so any settled value in (64399.99, 64400] resolves them oppositely, the closed endpoint included. The population at risk is narrow, but the settled value need not land on that grid."
polymarket:3719549|kalshi:KXBTCD-26AUG1909-T64799.99,crypto:btc,Bitcoin,3719549,bitcoin-above-64800-on-august-19-2026-9am-et,"Bitcoin above 64,800 on August 19, 9AM ET?",KXBTCD-26AUG1909-T64799.99,"Bitcoin price on Aug 19, 2026?","$64,800 or above",64800,exclusive,above,64799.99,exclusive,above,0.01,2026-08-19T13:00:00Z,1787144400000,0,binance,cf-benchmarks-brti,usdt,usd,point-close,0,ends-at-close,window-mean,60000,precedes-close,uma-optimistic-oracle,exchange-operator,0.79545,measurement-instant,"index basis: binance vs cf-benchmarks-brti. Different observables of the same asset, which near the strike can sit on opposite sides of it.","quote-currency basis: usdt vs usd. A stablecoin-quoted price and a fiat composite are not the same number, and the peg moves.","measurement-window basis: point close at the listed time vs mean over 60s window preceding the listed time. Different statistics over different windows at the same listed time, so the legs can resolve oppositely whenever the final window moves, and the divergence is SIGNED rather than mean-zero.","threshold knife-edge: the legs sit ONE quotation tick apart (64799.99 vs 64800 on a 0.01 grid), so any settled value in (64799.99, 64800] resolves them oppositely, the closed endpoint included. The population at risk is narrow, but the settled value need not land on that grid."
polymarket:3719548|kalshi:KXBTCD-26AUG1909-T64999.99,crypto:btc,Bitcoin,3719548,bitcoin-above-65000-on-august-19-2026-9am-et,"Bitcoin above 65,000 on August 19, 9AM ET?",KXBTCD-26AUG1909-T64999.99,"Bitcoin price on Aug 19, 2026?","$65,000 or above",65000,exclusive,above,64999.99,exclusive,above,0.01,2026-08-19T13:00:00Z,1787144400000,0,binance,cf-benchmarks-brti,usdt,usd,point-close,0,ends-at-close,window-mean,60000,precedes-close,uma-optimistic-oracle,exchange-operator,0.79545,measurement-instant,"index basis: binance vs cf-benchmarks-brti. Different observables of the same asset, which near the strike can sit on opposite sides of it.","quote-currency basis: usdt vs usd. A stablecoin-quoted price and a fiat composite are not the same number, and the peg moves.","measurement-window basis: point close at the listed time vs mean over 60s window preceding the listed time. Different statistics over different windows at the same listed time, so the legs can resolve oppositely whenever the final window moves, and the divergence is SIGNED rather than mean-zero.","threshold knife-edge: the legs sit ONE quotation tick apart (64999.99 vs 65000 on a 0.01 grid), so any settled value in (64999.99, 65000] resolves them oppositely, the closed endpoint included. The population at risk is narrow, but the settled value need not land on that grid."
polymarket:3719547|kalshi:KXBTCD-26AUG1909-T65199.99,crypto:btc,Bitcoin,3719547,bitcoin-above-65200-on-august-19-2026-9am-et,"Bitcoin above 65,200 on August 19, 9AM ET?",KXBTCD-26AUG1909-T65199.99,"Bitcoin price on Aug 19, 2026?","$65,200 or above",65200,exclusive,above,65199.99,exclusive,above,0.01,2026-08-19T13:00:00Z,1787144400000,0,binance,cf-benchmarks-brti,usdt,usd,point-close,0,ends-at-close,window-mean,60000,precedes-close,uma-optimistic-oracle,exchange-operator,0.79545,measurement-instant,"index basis: binance vs cf-benchmarks-brti. Different observables of the same asset, which near the strike can sit on opposite sides of it.","quote-currency basis: usdt vs usd. A stablecoin-quoted price and a fiat composite are not the same number, and the peg moves.","measurement-window basis: point close at the listed time vs mean over 60s window preceding the listed time. Different statistics over different windows at the same listed time, so the legs can resolve oppositely whenever the final window moves, and the divergence is SIGNED rather than mean-zero.","threshold knife-edge: the legs sit ONE quotation tick apart (65199.99 vs 65200 on a 0.01 grid), so any settled value in (65199.99, 65200] resolves them oppositely, the closed endpoint included. The population at risk is narrow, but the settled value need not land on that grid."
polymarket:3719546|kalshi:KXBTCD-26AUG1909-T65399.99,crypto:btc,Bitcoin,3719546,bitcoin-above-65400-on-august-19-2026-9am-et,"Bitcoin above 65,400 on August 19, 9AM ET?",KXBTCD-26AUG1909-T65399.99,"Bitcoin price on Aug 19, 2026?","$65,400 or above",65400,exclusive,above,65399.99,exclusive,above,0.01,2026-08-19T13:00:00Z,1787144400000,0,binance,cf-benchmarks-brti,usdt,usd,point-close,0,ends-at-close,window-mean,60000,precedes-close,uma-optimistic-oracle,exchange-operator,0.79545,measurement-instant,"index basis: binance vs cf-benchmarks-brti. Different observables of the same asset, which near the strike can sit on opposite sides of it.","quote-currency basis: usdt vs usd. A stablecoin-quoted price and a fiat composite are not the same number, and the peg moves.","measurement-window basis: point close at the listed time vs mean over 60s window preceding the listed time. Different statistics over different windows at the same listed time, so the legs can resolve oppositely whenever the final window moves, and the divergence is SIGNED rather than mean-zero.","threshold knife-edge: the legs sit ONE quotation tick apart (65399.99 vs 65400 on a 0.01 grid), so any settled value in (65399.99, 65400] resolves them oppositely, the closed endpoint included. The population at risk is narrow, but the settled value need not land on that grid."
polymarket:3719545|kalshi:KXBTCD-26AUG1909-T65599.99,crypto:btc,Bitcoin,3719545,bitcoin-above-65600-on-august-19-2026-9am-et,"Bitcoin above 65,600 on August 19, 9AM ET?",KXBTCD-26AUG1909-T65599.99,"Bitcoin price on Aug 19, 2026?","$65,600 or above",65600,exclusive,above,65599.99,exclusive,above,0.01,2026-08-19T13:00:00Z,1787144400000,0,binance,cf-benchmarks-brti,usdt,usd,point-close,0,ends-at-close,window-mean,60000,precedes-close,uma-optimistic-oracle,exchange-operator,0.79545,measurement-instant,"index basis: binance vs cf-benchmarks-brti. Different observables of the same asset, which near the strike can sit on opposite sides of it.","quote-currency basis: usdt vs usd. A stablecoin-quoted price and a fiat composite are not the same number, and the peg moves.","measurement-window basis: point close at the listed time vs mean over 60s window preceding the listed time. Different statistics over different windows at the same listed time, so the legs can resolve oppositely whenever the final window moves, and the divergence is SIGNED rather than mean-zero.","threshold knife-edge: the legs sit ONE quotation tick apart (65599.99 vs 65600 on a 0.01 grid), so any settled value in (65599.99, 65600] resolves them oppositely, the closed endpoint included. The population at risk is narrow, but the settled value need not land on that grid."
polymarket:3719544|kalshi:KXBTCD-26AUG1909-T65799.99,crypto:btc,Bitcoin,3719544,bitcoin-above-65800-on-august-19-2026-9am-et,"Bitcoin above 65,800 on August 19, 9AM ET?",KXBTCD-26AUG1909-T65799.99,"Bitcoin price on Aug 19, 2026?","$65,800 or above",65800,exclusive,above,65799.99,exclusive,above,0.01,2026-08-19T13:00:00Z,1787144400000,0,binance,cf-benchmarks-brti,usdt,usd,point-close,0,ends-at-close,window-mean,60000,precedes-close,uma-optimistic-oracle,exchange-operator,0.79545,measurement-instant,"index basis: binance vs cf-benchmarks-brti. Different observables of the same asset, which near the strike can sit on opposite sides of it.","quote-currency basis: usdt vs usd. A stablecoin-quoted price and a fiat composite are not the same number, and the peg moves.","measurement-window basis: point close at the listed time vs mean over 60s window preceding the listed time. Different statistics over different windows at the same listed time, so the legs can resolve oppositely whenever the final window moves, and the divergence is SIGNED rather than mean-zero.","threshold knife-edge: the legs sit ONE quotation tick apart (65799.99 vs 65800 on a 0.01 grid), so any settled value in (65799.99, 65800] resolves them oppositely, the closed endpoint included. The population at risk is narrow, but the settled value need not land on that grid."
polymarket:3719543|kalshi:KXBTCD-26AUG1909-T65999.99,crypto:btc,Bitcoin,3719543,bitcoin-above-66000-on-august-19-2026-9am-et,"Bitcoin above 66,000 on August 19, 9AM ET?",KXBTCD-26AUG1909-T65999.99,"Bitcoin price on Aug 19, 2026?","$66,000 or above",66000,exclusive,above,65999.99,exclusive,above,0.01,2026-08-19T13:00:00Z,1787144400000,0,binance,cf-benchmarks-brti,usdt,usd,point-close,0,ends-at-close,window-mean,60000,precedes-close,uma-optimistic-oracle,exchange-operator,0.79545,measurement-instant,"index basis: binance vs cf-benchmarks-brti. Different observables of the same asset, which near the strike can sit on opposite sides of it.","quote-currency basis: usdt vs usd. A stablecoin-quoted price and a fiat composite are not the same number, and the peg moves.","measurement-window basis: point close at the listed time vs mean over 60s window preceding the listed time. Different statistics over different windows at the same listed time, so the legs can resolve oppositely whenever the final window moves, and the divergence is SIGNED rather than mean-zero.","threshold knife-edge: the legs sit ONE quotation tick apart (65999.99 vs 66000 on a 0.01 grid), so any settled value in (65999.99, 66000] resolves them oppositely, the closed endpoint included. The population at risk is narrow, but the settled value need not land on that grid."
polymarket:3719542|kalshi:KXBTCD-26AUG1909-T66199.99,crypto:btc,Bitcoin,3719542,bitcoin-above-66200-on-august-19-2026-9am-et,"Bitcoin above 66,200 on August 19, 9AM ET?",KXBTCD-26AUG1909-T66199.99,"Bitcoin price on Aug 19, 2026?","$66,200 or above",66200,exclusive,above,66199.99,exclusive,above,0.01,2026-08-19T13:00:00Z,1787144400000,0,binance,cf-benchmarks-brti,usdt,usd,point-close,0,ends-at-close,window-mean,60000,precedes-close,uma-optimistic-oracle,exchange-operator,0.79545,measurement-instant,"index basis: binance vs cf-benchmarks-brti. Different observables of the same asset, which near the strike can sit on opposite sides of it.","quote-currency basis: usdt vs usd. A stablecoin-quoted price and a fiat composite are not the same number, and the peg moves.","measurement-window basis: point close at the listed time vs mean over 60s window preceding the listed time. Different statistics over different windows at the same listed time, so the legs can resolve oppositely whenever the final window moves, and the divergence is SIGNED rather than mean-zero.","threshold knife-edge: the legs sit ONE quotation tick apart (66199.99 vs 66200 on a 0.01 grid), so any settled value in (66199.99, 66200] resolves them oppositely, the closed endpoint included. The population at risk is narrow, but the settled value need not land on that grid."
polymarket:3719541|kalshi:KXBTCD-26AUG1909-T66399.99,crypto:btc,Bitcoin,3719541,bitcoin-above-66400-on-august-19-2026-9am-et,"Bitcoin above 66,400 on August 19, 9AM ET?",KXBTCD-26AUG1909-T66399.99,"Bitcoin price on Aug 19, 2026?","$66,400 or above",66400,exclusive,above,66399.99,exclusive,above,0.01,2026-08-19T13:00:00Z,1787144400000,0,binance,cf-benchmarks-brti,usdt,usd,point-close,0,ends-at-close,window-mean,60000,precedes-close,uma-optimistic-oracle,exchange-operator,0.79545,measurement-instant,"index basis: binance vs cf-benchmarks-brti. Different observables of the same asset, which near the strike can sit on opposite sides of it.","quote-currency basis: usdt vs usd. A stablecoin-quoted price and a fiat composite are not the same number, and the peg moves.","measurement-window basis: point close at the listed time vs mean over 60s window preceding the listed time. Different statistics over different windows at the same listed time, so the legs can resolve oppositely whenever the final window moves, and the divergence is SIGNED rather than mean-zero.","threshold knife-edge: the legs sit ONE quotation tick apart (66399.99 vs 66400 on a 0.01 grid), so any settled value in (66399.99, 66400] resolves them oppositely, the closed endpoint included. The population at risk is narrow, but the settled value need not land on that grid."
polymarket:3719540|kalshi:KXBTCD-26AUG1909-T66599.99,crypto:btc,Bitcoin,3719540,bitcoin-above-66600-on-august-19-2026-9am-et,"Bitcoin above 66,600 on August 19, 9AM ET?",KXBTCD-26AUG1909-T66599.99,"Bitcoin price on Aug 19, 2026?","$66,600 or above",66600,exclusive,above,66599.99,exclusive,above,0.01,2026-08-19T13:00:00Z,1787144400000,0,binance,cf-benchmarks-brti,usdt,usd,point-close,0,ends-at-close,window-mean,60000,precedes-close,uma-optimistic-oracle,exchange-operator,0.79545,measurement-instant,"index basis: binance vs cf-benchmarks-brti. Different observables of the same asset, which near the strike can sit on opposite sides of it.","quote-currency basis: usdt vs usd. A stablecoin-quoted price and a fiat composite are not the same number, and the peg moves.","measurement-window basis: point close at the listed time vs mean over 60s window preceding the listed time. Different statistics over different windows at the same listed time, so the legs can resolve oppositely whenever the final window moves, and the divergence is SIGNED rather than mean-zero.","threshold knife-edge: the legs sit ONE quotation tick apart (66599.99 vs 66600 on a 0.01 grid), so any settled value in (66599.99, 66600] resolves them oppositely, the closed endpoint included. The population at risk is narrow, but the settled value need not land on that grid."
polymarket:3720408|kalshi:KXBTCD-26AUG1910-T62799.99,crypto:btc,Bitcoin,3720408,bitcoin-above-62800-on-august-19-2026-10am-et,"Bitcoin above 62,800 on August 19, 10AM ET?",KXBTCD-26AUG1910-T62799.99,"Bitcoin price on Aug 19, 2026?","$62,800 or above",62800,exclusive,above,62799.99,exclusive,above,0.01,2026-08-19T14:00:00Z,1787148000000,0,binance,cf-benchmarks-brti,usdt,usd,point-close,0,ends-at-close,window-mean,60000,precedes-close,uma-optimistic-oracle,exchange-operator,0.79545,measurement-instant,"index basis: binance vs cf-benchmarks-brti. Different observables of the same asset, which near the strike can sit on opposite sides of it.","quote-currency basis: usdt vs usd. A stablecoin-quoted price and a fiat composite are not the same number, and the peg moves.","measurement-window basis: point close at the listed time vs mean over 60s window preceding the listed time. Different statistics over different windows at the same listed time, so the legs can resolve oppositely whenever the final window moves, and the divergence is SIGNED rather than mean-zero.","threshold knife-edge: the legs sit ONE quotation tick apart (62799.99 vs 62800 on a 0.01 grid), so any settled value in (62799.99, 62800] resolves them oppositely, the closed endpoint included. The population at risk is narrow, but the settled value need not land on that grid."
polymarket:3720407|kalshi:KXBTCD-26AUG1910-T62999.99,crypto:btc,Bitcoin,3720407,bitcoin-above-63000-on-august-19-2026-10am-et,"Bitcoin above 63,000 on August 19, 10AM ET?",KXBTCD-26AUG1910-T62999.99,"Bitcoin price on Aug 19, 2026?","$63,000 or above",63000,exclusive,above,62999.99,exclusive,above,0.01,2026-08-19T14:00:00Z,1787148000000,0,binance,cf-benchmarks-brti,usdt,usd,point-close,0,ends-at-close,window-mean,60000,precedes-close,uma-optimistic-oracle,exchange-operator,0.79545,measurement-instant,"index basis: binance vs cf-benchmarks-brti. Different observables of the same asset, which near the strike can sit on opposite sides of it.","quote-currency basis: usdt vs usd. A stablecoin-quoted price and a fiat composite are not the same number, and the peg moves.","measurement-window basis: point close at the listed time vs mean over 60s window preceding the listed time. Different statistics over different windows at the same listed time, so the legs can resolve oppositely whenever the final window moves, and the divergence is SIGNED rather than mean-zero.","threshold knife-edge: the legs sit ONE quotation tick apart (62999.99 vs 63000 on a 0.01 grid), so any settled value in (62999.99, 63000] resolves them oppositely, the closed endpoint included. The population at risk is narrow, but the settled value need not land on that grid."
polymarket:3720406|kalshi:KXBTCD-26AUG1910-T63199.99,crypto:btc,Bitcoin,3720406,bitcoin-above-63200-on-august-19-2026-10am-et,"Bitcoin above 63,200 on August 19, 10AM ET?",KXBTCD-26AUG1910-T63199.99,"Bitcoin price on Aug 19, 2026?","$63,200 or above",63200,exclusive,above,63199.99,exclusive,above,0.01,2026-08-19T14:00:00Z,1787148000000,0,binance,cf-benchmarks-brti,usdt,usd,point-close,0,ends-at-close,window-mean,60000,precedes-close,uma-optimistic-oracle,exchange-operator,0.79545,measurement-instant,"index basis: binance vs cf-benchmarks-brti. Different observables of the same asset, which near the strike can sit on opposite sides of it.","quote-currency basis: usdt vs usd. A stablecoin-quoted price and a fiat composite are not the same number, and the peg moves.","measurement-window basis: point close at the listed time vs mean over 60s window preceding the listed time. Different statistics over different windows at the same listed time, so the legs can resolve oppositely whenever the final window moves, and the divergence is SIGNED rather than mean-zero.","threshold knife-edge: the legs sit ONE quotation tick apart (63199.99 vs 63200 on a 0.01 grid), so any settled value in (63199.99, 63200] resolves them oppositely, the closed endpoint included. The population at risk is narrow, but the settled value need not land on that grid."
polymarket:3720405|kalshi:KXBTCD-26AUG1910-T63399.99,crypto:btc,Bitcoin,3720405,bitcoin-above-63400-on-august-19-2026-10am-et,"Bitcoin above 63,400 on August 19, 10AM ET?",KXBTCD-26AUG1910-T63399.99,"Bitcoin price on Aug 19, 2026?","$63,400 or above",63400,exclusive,above,63399.99,exclusive,above,0.01,2026-08-19T14:00:00Z,1787148000000,0,binance,cf-benchmarks-brti,usdt,usd,point-close,0,ends-at-close,window-mean,60000,precedes-close,uma-optimistic-oracle,exchange-operator,0.79545,measurement-instant,"index basis: binance vs cf-benchmarks-brti. Different observables of the same asset, which near the strike can sit on opposite sides of it.","quote-currency basis: usdt vs usd. A stablecoin-quoted price and a fiat composite are not the same number, and the peg moves.","measurement-window basis: point close at the listed time vs mean over 60s window preceding the listed time. Different statistics over different windows at the same listed time, so the legs can resolve oppositely whenever the final window moves, and the divergence is SIGNED rather than mean-zero.","threshold knife-edge: the legs sit ONE quotation tick apart (63399.99 vs 63400 on a 0.01 grid), so any settled value in (63399.99, 63400] resolves them oppositely, the closed endpoint included. The population at risk is narrow, but the settled value need not land on that grid."
polymarket:3720404|kalshi:KXBTCD-26AUG1910-T63599.99,crypto:btc,Bitcoin,3720404,bitcoin-above-63600-on-august-19-2026-10am-et,"Bitcoin above 63,600 on August 19, 10AM ET?",KXBTCD-26AUG1910-T63599.99,"Bitcoin price on Aug 19, 2026?","$63,600 or above",63600,exclusive,above,63599.99,exclusive,above,0.01,2026-08-19T14:00:00Z,1787148000000,0,binance,cf-benchmarks-brti,usdt,usd,point-close,0,ends-at-close,window-mean,60000,precedes-close,uma-optimistic-oracle,exchange-operator,0.79545,measurement-instant,"index basis: binance vs cf-benchmarks-brti. Different observables of the same asset, which near the strike can sit on opposite sides of it.","quote-currency basis: usdt vs usd. A stablecoin-quoted price and a fiat composite are not the same number, and the peg moves.","measurement-window basis: point close at the listed time vs mean over 60s window preceding the listed time. Different statistics over different windows at the same listed time, so the legs can resolve oppositely whenever the final window moves, and the divergence is SIGNED rather than mean-zero.","threshold knife-edge: the legs sit ONE quotation tick apart (63599.99 vs 63600 on a 0.01 grid), so any settled value in (63599.99, 63600] resolves them oppositely, the closed endpoint included. The population at risk is narrow, but the settled value need not land on that grid."
polymarket:3720403|kalshi:KXBTCD-26AUG1910-T63799.99,crypto:btc,Bitcoin,3720403,bitcoin-above-63800-on-august-19-2026-10am-et,"Bitcoin above 63,800 on August 19, 10AM ET?",KXBTCD-26AUG1910-T63799.99,"Bitcoin price on Aug 19, 2026?","$63,800 or above",63800,exclusive,above,63799.99,exclusive,above,0.01,2026-08-19T14:00:00Z,1787148000000,0,binance,cf-benchmarks-brti,usdt,usd,point-close,0,ends-at-close,window-mean,60000,precedes-close,uma-optimistic-oracle,exchange-operator,0.79545,measurement-instant,"index basis: binance vs cf-benchmarks-brti. Different observables of the same asset, which near the strike can sit on opposite sides of it.","quote-currency basis: usdt vs usd. A stablecoin-quoted price and a fiat composite are not the same number, and the peg moves.","measurement-window basis: point close at the listed time vs mean over 60s window preceding the listed time. Different statistics over different windows at the same listed time, so the legs can resolve oppositely whenever the final window moves, and the divergence is SIGNED rather than mean-zero.","threshold knife-edge: the legs sit ONE quotation tick apart (63799.99 vs 63800 on a 0.01 grid), so any settled value in (63799.99, 63800] resolves them oppositely, the closed endpoint included. The population at risk is narrow, but the settled value need not land on that grid."
polymarket:3720402|kalshi:KXBTCD-26AUG1910-T63999.99,crypto:btc,Bitcoin,3720402,bitcoin-above-64000-on-august-19-2026-10am-et,"Bitcoin above 64,000 on August 19, 10AM ET?",KXBTCD-26AUG1910-T63999.99,"Bitcoin price on Aug 19, 2026?","$64,000 or above",64000,exclusive,above,63999.99,exclusive,above,0.01,2026-08-19T14:00:00Z,1787148000000,0,binance,cf-benchmarks-brti,usdt,usd,point-close,0,ends-at-close,window-mean,60000,precedes-close,uma-optimistic-oracle,exchange-operator,0.79545,measurement-instant,"index basis: binance vs cf-benchmarks-brti. Different observables of the same asset, which near the strike can sit on opposite sides of it.","quote-currency basis: usdt vs usd. A stablecoin-quoted price and a fiat composite are not the same number, and the peg moves.","measurement-window basis: point close at the listed time vs mean over 60s window preceding the listed time. Different statistics over different windows at the same listed time, so the legs can resolve oppositely whenever the final window moves, and the divergence is SIGNED rather than mean-zero.","threshold knife-edge: the legs sit ONE quotation tick apart (63999.99 vs 64000 on a 0.01 grid), so any settled value in (63999.99, 64000] resolves them oppositely, the closed endpoint included. The population at risk is narrow, but the settled value need not land on that grid."
polymarket:3720401|kalshi:KXBTCD-26AUG1910-T64199.99,crypto:btc,Bitcoin,3720401,bitcoin-above-64200-on-august-19-2026-10am-et,"Bitcoin above 64,200 on August 19, 10AM ET?",KXBTCD-26AUG1910-T64199.99,"Bitcoin price on Aug 19, 2026?","$64,200 or above",64200,exclusive,above,64199.99,exclusive,above,0.01,2026-08-19T14:00:00Z,1787148000000,0,binance,cf-benchmarks-brti,usdt,usd,point-close,0,ends-at-close,window-mean,60000,precedes-close,uma-optimistic-oracle,exchange-operator,0.79545,measurement-instant,"index basis: binance vs cf-benchmarks-brti. Different observables of the same asset, which near the strike can sit on opposite sides of it.","quote-currency basis: usdt vs usd. A stablecoin-quoted price and a fiat composite are not the same number, and the peg moves.","measurement-window basis: point close at the listed time vs mean over 60s window preceding the listed time. Different statistics over different windows at the same listed time, so the legs can resolve oppositely whenever the final window moves, and the divergence is SIGNED rather than mean-zero.","threshold knife-edge: the legs sit ONE quotation tick apart (64199.99 vs 64200 on a 0.01 grid), so any settled value in (64199.99, 64200] resolves them oppositely, the closed endpoint included. The population at risk is narrow, but the settled value need not land on that grid."
polymarket:3720400|kalshi:KXBTCD-26AUG1910-T64399.99,crypto:btc,Bitcoin,3720400,bitcoin-above-64400-on-august-19-2026-10am-et,"Bitcoin above 64,400 on August 19, 10AM ET?",KXBTCD-26AUG1910-T64399.99,"Bitcoin price on Aug 19, 2026?","$64,400 or above",64400,exclusive,above,64399.99,exclusive,above,0.01,2026-08-19T14:00:00Z,1787148000000,0,binance,cf-benchmarks-brti,usdt,usd,point-close,0,ends-at-close,window-mean,60000,precedes-close,uma-optimistic-oracle,exchange-operator,0.79545,measurement-instant,"index basis: binance vs cf-benchmarks-brti. Different observables of the same asset, which near the strike can sit on opposite sides of it.","quote-currency basis: usdt vs usd. A stablecoin-quoted price and a fiat composite are not the same number, and the peg moves.","measurement-window basis: point close at the listed time vs mean over 60s window preceding the listed time. Different statistics over different windows at the same listed time, so the legs can resolve oppositely whenever the final window moves, and the divergence is SIGNED rather than mean-zero.","threshold knife-edge: the legs sit ONE quotation tick apart (64399.99 vs 64400 on a 0.01 grid), so any settled value in (64399.99, 64400] resolves them oppositely, the closed endpoint included. The population at risk is narrow, but the settled value need not land on that grid."
polymarket:3720399|kalshi:KXBTCD-26AUG1910-T64599.99,crypto:btc,Bitcoin,3720399,bitcoin-above-64600-on-august-19-2026-10am-et,"Bitcoin above 64,600 on August 19, 10AM ET?",KXBTCD-26AUG1910-T64599.99,"Bitcoin price on Aug 19, 2026?","$64,600 or above",64600,exclusive,above,64599.99,exclusive,above,0.01,2026-08-19T14:00:00Z,1787148000000,0,binance,cf-benchmarks-brti,usdt,usd,point-close,0,ends-at-close,window-mean,60000,precedes-close,uma-optimistic-oracle,exchange-operator,0.79545,measurement-instant,"index basis: binance vs cf-benchmarks-brti. Different observables of the same asset, which near the strike can sit on opposite sides of it.","quote-currency basis: usdt vs usd. A stablecoin-quoted price and a fiat composite are not the same number, and the peg moves.","measurement-window basis: point close at the listed time vs mean over 60s window preceding the listed time. Different statistics over different windows at the same listed time, so the legs can resolve oppositely whenever the final window moves, and the divergence is SIGNED rather than mean-zero.","threshold knife-edge: the legs sit ONE quotation tick apart (64599.99 vs 64600 on a 0.01 grid), so any settled value in (64599.99, 64600] resolves them oppositely, the closed endpoint included. The population at risk is narrow, but the settled value need not land on that grid."
polymarket:3720398|kalshi:KXBTCD-26AUG1910-T64999.99,crypto:btc,Bitcoin,3720398,bitcoin-above-65000-on-august-19-2026-10am-et,"Bitcoin above 65,000 on August 19, 10AM ET?",KXBTCD-26AUG1910-T64999.99,"Bitcoin price on Aug 19, 2026?","$65,000 or above",65000,exclusive,above,64999.99,exclusive,above,0.01,2026-08-19T14:00:00Z,1787148000000,0,binance,cf-benchmarks-brti,usdt,usd,point-close,0,ends-at-close,window-mean,60000,precedes-close,uma-optimistic-oracle,exchange-operator,0.79545,measurement-instant,"index basis: binance vs cf-benchmarks-brti. Different observables of the same asset, which near the strike can sit on opposite sides of it.","quote-currency basis: usdt vs usd. A stablecoin-quoted price and a fiat composite are not the same number, and the peg moves.","measurement-window basis: point close at the listed time vs mean over 60s window preceding the listed time. Different statistics over different windows at the same listed time, so the legs can resolve oppositely whenever the final window moves, and the divergence is SIGNED rather than mean-zero.","threshold knife-edge: the legs sit ONE quotation tick apart (64999.99 vs 65000 on a 0.01 grid), so any settled value in (64999.99, 65000] resolves them oppositely, the closed endpoint included. The population at risk is narrow, but the settled value need not land on that grid."
polymarket:3720397|kalshi:KXBTCD-26AUG1910-T65199.99,crypto:btc,Bitcoin,3720397,bitcoin-above-65200-on-august-19-2026-10am-et,"Bitcoin above 65,200 on August 19, 10AM ET?",KXBTCD-26AUG1910-T65199.99,"Bitcoin price on Aug 19, 2026?","$65,200 or above",65200,exclusive,above,65199.99,exclusive,above,0.01,2026-08-19T14:00:00Z,1787148000000,0,binance,cf-benchmarks-brti,usdt,usd,point-close,0,ends-at-close,window-mean,60000,precedes-close,uma-optimistic-oracle,exchange-operator,0.79545,measurement-instant,"index basis: binance vs cf-benchmarks-brti. Different observables of the same asset, which near the strike can sit on opposite sides of it.","quote-currency basis: usdt vs usd. A stablecoin-quoted price and a fiat composite are not the same number, and the peg moves.","measurement-window basis: point close at the listed time vs mean over 60s window preceding the listed time. Different statistics over different windows at the same listed time, so the legs can resolve oppositely whenever the final window moves, and the divergence is SIGNED rather than mean-zero.","threshold knife-edge: the legs sit ONE quotation tick apart (65199.99 vs 65200 on a 0.01 grid), so any settled value in (65199.99, 65200] resolves them oppositely, the closed endpoint included. The population at risk is narrow, but the settled value need not land on that grid."
polymarket:3720396|kalshi:KXBTCD-26AUG1910-T65399.99,crypto:btc,Bitcoin,3720396,bitcoin-above-65400-on-august-19-2026-10am-et,"Bitcoin above 65,400 on August 19, 10AM ET?",KXBTCD-26AUG1910-T65399.99,"Bitcoin price on Aug 19, 2026?","$65,400 or above",65400,exclusive,above,65399.99,exclusive,above,0.01,2026-08-19T14:00:00Z,1787148000000,0,binance,cf-benchmarks-brti,usdt,usd,point-close,0,ends-at-close,window-mean,60000,precedes-close,uma-optimistic-oracle,exchange-operator,0.79545,measurement-instant,"index basis: binance vs cf-benchmarks-brti. Different observables of the same asset, which near the strike can sit on opposite sides of it.","quote-currency basis: usdt vs usd. A stablecoin-quoted price and a fiat composite are not the same number, and the peg moves.","measurement-window basis: point close at the listed time vs mean over 60s window preceding the listed time. Different statistics over different windows at the same listed time, so the legs can resolve oppositely whenever the final window moves, and the divergence is SIGNED rather than mean-zero.","threshold knife-edge: the legs sit ONE quotation tick apart (65399.99 vs 65400 on a 0.01 grid), so any settled value in (65399.99, 65400] resolves them oppositely, the closed endpoint included. The population at risk is narrow, but the settled value need not land on that grid."
polymarket:3720395|kalshi:KXBTCD-26AUG1910-T65599.99,crypto:btc,Bitcoin,3720395,bitcoin-above-65600-on-august-19-2026-10am-et,"Bitcoin above 65,600 on August 19, 10AM ET?",KXBTCD-26AUG1910-T65599.99,"Bitcoin price on Aug 19, 2026?","$65,600 or above",65600,exclusive,above,65599.99,exclusive,above,0.01,2026-08-19T14:00:00Z,1787148000000,0,binance,cf-benchmarks-brti,usdt,usd,point-close,0,ends-at-close,window-mean,60000,precedes-close,uma-optimistic-oracle,exchange-operator,0.79545,measurement-instant,"index basis: binance vs cf-benchmarks-brti. Different observables of the same asset, which near the strike can sit on opposite sides of it.","quote-currency basis: usdt vs usd. A stablecoin-quoted price and a fiat composite are not the same number, and the peg moves.","measurement-window basis: point close at the listed time vs mean over 60s window preceding the listed time. Different statistics over different windows at the same listed time, so the legs can resolve oppositely whenever the final window moves, and the divergence is SIGNED rather than mean-zero.","threshold knife-edge: the legs sit ONE quotation tick apart (65599.99 vs 65600 on a 0.01 grid), so any settled value in (65599.99, 65600] resolves them oppositely, the closed endpoint included. The population at risk is narrow, but the settled value need not land on that grid."
polymarket:3720394|kalshi:KXBTCD-26AUG1910-T65799.99,crypto:btc,Bitcoin,3720394,bitcoin-above-65800-on-august-19-2026-10am-et,"Bitcoin above 65,800 on August 19, 10AM ET?",KXBTCD-26AUG1910-T65799.99,"Bitcoin price on Aug 19, 2026?","$65,800 or above",65800,exclusive,above,65799.99,exclusive,above,0.01,2026-08-19T14:00:00Z,1787148000000,0,binance,cf-benchmarks-brti,usdt,usd,point-close,0,ends-at-close,window-mean,60000,precedes-close,uma-optimistic-oracle,exchange-operator,0.79545,measurement-instant,"index basis: binance vs cf-benchmarks-brti. Different observables of the same asset, which near the strike can sit on opposite sides of it.","quote-currency basis: usdt vs usd. A stablecoin-quoted price and a fiat composite are not the same number, and the peg moves.","measurement-window basis: point close at the listed time vs mean over 60s window preceding the listed time. Different statistics over different windows at the same listed time, so the legs can resolve oppositely whenever the final window moves, and the divergence is SIGNED rather than mean-zero.","threshold knife-edge: the legs sit ONE quotation tick apart (65799.99 vs 65800 on a 0.01 grid), so any settled value in (65799.99, 65800] resolves them oppositely, the closed endpoint included. The population at risk is narrow, but the settled value need not land on that grid."
polymarket:3720393|kalshi:KXBTCD-26AUG1910-T65999.99,crypto:btc,Bitcoin,3720393,bitcoin-above-66000-on-august-19-2026-10am-et,"Bitcoin above 66,000 on August 19, 10AM ET?",KXBTCD-26AUG1910-T65999.99,"Bitcoin price on Aug 19, 2026?","$66,000 or above",66000,exclusive,above,65999.99,exclusive,above,0.01,2026-08-19T14:00:00Z,1787148000000,0,binance,cf-benchmarks-brti,usdt,usd,point-close,0,ends-at-close,window-mean,60000,precedes-close,uma-optimistic-oracle,exchange-operator,0.79545,measurement-instant,"index basis: binance vs cf-benchmarks-brti. Different observables of the same asset, which near the strike can sit on opposite sides of it.","quote-currency basis: usdt vs usd. A stablecoin-quoted price and a fiat composite are not the same number, and the peg moves.","measurement-window basis: point close at the listed time vs mean over 60s window preceding the listed time. Different statistics over different windows at the same listed time, so the legs can resolve oppositely whenever the final window moves, and the divergence is SIGNED rather than mean-zero.","threshold knife-edge: the legs sit ONE quotation tick apart (65999.99 vs 66000 on a 0.01 grid), so any settled value in (65999.99, 66000] resolves them oppositely, the closed endpoint included. The population at risk is narrow, but the settled value need not land on that grid."
polymarket:3720392|kalshi:KXBTCD-26AUG1910-T66199.99,crypto:btc,Bitcoin,3720392,bitcoin-above-66200-on-august-19-2026-10am-et,"Bitcoin above 66,200 on August 19, 10AM ET?",KXBTCD-26AUG1910-T66199.99,"Bitcoin price on Aug 19, 2026?","$66,200 or above",66200,exclusive,above,66199.99,exclusive,above,0.01,2026-08-19T14:00:00Z,1787148000000,0,binance,cf-benchmarks-brti,usdt,usd,point-close,0,ends-at-close,window-mean,60000,precedes-close,uma-optimistic-oracle,exchange-operator,0.79545,measurement-instant,"index basis: binance vs cf-benchmarks-brti. Different observables of the same asset, which near the strike can sit on opposite sides of it.","quote-currency basis: usdt vs usd. A stablecoin-quoted price and a fiat composite are not the same number, and the peg moves.","measurement-window basis: point close at the listed time vs mean over 60s window preceding the listed time. Different statistics over different windows at the same listed time, so the legs can resolve oppositely whenever the final window moves, and the divergence is SIGNED rather than mean-zero.","threshold knife-edge: the legs sit ONE quotation tick apart (66199.99 vs 66200 on a 0.01 grid), so any settled value in (66199.99, 66200] resolves them oppositely, the closed endpoint included. The population at risk is narrow, but the settled value need not land on that grid."
polymarket:3720391|kalshi:KXBTCD-26AUG1910-T66399.99,crypto:btc,Bitcoin,3720391,bitcoin-above-66400-on-august-19-2026-10am-et,"Bitcoin above 66,400 on August 19, 10AM ET?",KXBTCD-26AUG1910-T66399.99,"Bitcoin price on Aug 19, 2026?","$66,400 or above",66400,exclusive,above,66399.99,exclusive,above,0.01,2026-08-19T14:00:00Z,1787148000000,0,binance,cf-benchmarks-brti,usdt,usd,point-close,0,ends-at-close,window-mean,60000,precedes-close,uma-optimistic-oracle,exchange-operator,0.79545,measurement-instant,"index basis: binance vs cf-benchmarks-brti. Different observables of the same asset, which near the strike can sit on opposite sides of it.","quote-currency basis: usdt vs usd. A stablecoin-quoted price and a fiat composite are not the same number, and the peg moves.","measurement-window basis: point close at the listed time vs mean over 60s window preceding the listed time. Different statistics over different windows at the same listed time, so the legs can resolve oppositely whenever the final window moves, and the divergence is SIGNED rather than mean-zero.","threshold knife-edge: the legs sit ONE quotation tick apart (66399.99 vs 66400 on a 0.01 grid), so any settled value in (66399.99, 66400] resolves them oppositely, the closed endpoint included. The population at risk is narrow, but the settled value need not land on that grid."
polymarket:3720390|kalshi:KXBTCD-26AUG1910-T66599.99,crypto:btc,Bitcoin,3720390,bitcoin-above-66600-on-august-19-2026-10am-et,"Bitcoin above 66,600 on August 19, 10AM ET?",KXBTCD-26AUG1910-T66599.99,"Bitcoin price on Aug 19, 2026?","$66,600 or above",66600,exclusive,above,66599.99,exclusive,above,0.01,2026-08-19T14:00:00Z,1787148000000,0,binance,cf-benchmarks-brti,usdt,usd,point-close,0,ends-at-close,window-mean,60000,precedes-close,uma-optimistic-oracle,exchange-operator,0.79545,measurement-instant,"index basis: binance vs cf-benchmarks-brti. Different observables of the same asset, which near the strike can sit on opposite sides of it.","quote-currency basis: usdt vs usd. A stablecoin-quoted price and a fiat composite are not the same number, and the peg moves.","measurement-window basis: point close at the listed time vs mean over 60s window preceding the listed time. Different statistics over different windows at the same listed time, so the legs can resolve oppositely whenever the final window moves, and the divergence is SIGNED rather than mean-zero.","threshold knife-edge: the legs sit ONE quotation tick apart (66599.99 vs 66600 on a 0.01 grid), so any settled value in (66599.99, 66600] resolves them oppositely, the closed endpoint included. The population at risk is narrow, but the settled value need not land on that grid."
polymarket:3720389|kalshi:KXBTCD-26AUG1910-T66799.99,crypto:btc,Bitcoin,3720389,bitcoin-above-66800-on-august-19-2026-10am-et,"Bitcoin above 66,800 on August 19, 10AM ET?",KXBTCD-26AUG1910-T66799.99,"Bitcoin price on Aug 19, 2026?","$66,800 or above",66800,exclusive,above,66799.99,exclusive,above,0.01,2026-08-19T14:00:00Z,1787148000000,0,binance,cf-benchmarks-brti,usdt,usd,point-close,0,ends-at-close,window-mean,60000,precedes-close,uma-optimistic-oracle,exchange-operator,0.79545,measurement-instant,"index basis: binance vs cf-benchmarks-brti. Different observables of the same asset, which near the strike can sit on opposite sides of it.","quote-currency basis: usdt vs usd. A stablecoin-quoted price and a fiat composite are not the same number, and the peg moves.","measurement-window basis: point close at the listed time vs mean over 60s window preceding the listed time. Different statistics over different windows at the same listed time, so the legs can resolve oppositely whenever the final window moves, and the divergence is SIGNED rather than mean-zero.","threshold knife-edge: the legs sit ONE quotation tick apart (66799.99 vs 66800 on a 0.01 grid), so any settled value in (66799.99, 66800] resolves them oppositely, the closed endpoint included. The population at risk is narrow, but the settled value need not land on that grid."
polymarket:3733219|kalshi:KXBTCD-26AUG1922-T67599.99,crypto:btc,Bitcoin,3733219,bitcoin-above-67600-on-august-19-2026-10pm-et,"Bitcoin above 67,600 on August 19, 10PM ET?",KXBTCD-26AUG1922-T67599.99,"Bitcoin price on Aug 19, 2026?","$67,600 or above",67600,exclusive,above,67599.99,exclusive,above,0.01,2026-08-20T02:00:00Z,1787191200000,0,binance,cf-benchmarks-brti,usdt,usd,point-close,0,ends-at-close,window-mean,60000,precedes-close,uma-optimistic-oracle,exchange-operator,0.79545,measurement-instant,"index basis: binance vs cf-benchmarks-brti. Different observables of the same asset, which near the strike can sit on opposite sides of it.","quote-currency basis: usdt vs usd. A stablecoin-quoted price and a fiat composite are not the same number, and the peg moves.","measurement-window basis: point close at the listed time vs mean over 60s window preceding the listed time. Different statistics over different windows at the same listed time, so the legs can resolve oppositely whenever the final window moves, and the divergence is SIGNED rather than mean-zero.","threshold knife-edge: the legs sit ONE quotation tick apart (67599.99 vs 67600 on a 0.01 grid), so any settled value in (67599.99, 67600] resolves them oppositely, the closed endpoint included. The population at risk is narrow, but the settled value need not land on that grid."
polymarket:3733218|kalshi:KXBTCD-26AUG1922-T67799.99,crypto:btc,Bitcoin,3733218,bitcoin-above-67800-on-august-19-2026-10pm-et,"Bitcoin above 67,800 on August 19, 10PM ET?",KXBTCD-26AUG1922-T67799.99,"Bitcoin price on Aug 19, 2026?","$67,800 or above",67800,exclusive,above,67799.99,exclusive,above,0.01,2026-08-20T02:00:00Z,1787191200000,0,binance,cf-benchmarks-brti,usdt,usd,point-close,0,ends-at-close,window-mean,60000,precedes-close,uma-optimistic-oracle,exchange-operator,0.79545,measurement-instant,"index basis: binance vs cf-benchmarks-brti. Different observables of the same asset, which near the strike can sit on opposite sides of it.","quote-currency basis: usdt vs usd. A stablecoin-quoted price and a fiat composite are not the same number, and the peg moves.","measurement-window basis: point close at the listed time vs mean over 60s window preceding the listed time. Different statistics over different windows at the same listed time, so the legs can resolve oppositely whenever the final window moves, and the divergence is SIGNED rather than mean-zero.","threshold knife-edge: the legs sit ONE quotation tick apart (67799.99 vs 67800 on a 0.01 grid), so any settled value in (67799.99, 67800] resolves them oppositely, the closed endpoint included. The population at risk is narrow, but the settled value need not land on that grid."
polymarket:3733217|kalshi:KXBTCD-26AUG1922-T67999.99,crypto:btc,Bitcoin,3733217,bitcoin-above-68000-on-august-19-2026-10pm-et,"Bitcoin above 68,000 on August 19, 10PM ET?",KXBTCD-26AUG1922-T67999.99,"Bitcoin price on Aug 19, 2026?","$68,000 or above",68000,exclusive,above,67999.99,exclusive,above,0.01,2026-08-20T02:00:00Z,1787191200000,0,binance,cf-benchmarks-brti,usdt,usd,point-close,0,ends-at-close,window-mean,60000,precedes-close,uma-optimistic-oracle,exchange-operator,0.79545,measurement-instant,"index basis: binance vs cf-benchmarks-brti. Different observables of the same asset, which near the strike can sit on opposite sides of it.","quote-currency basis: usdt vs usd. A stablecoin-quoted price and a fiat composite are not the same number, and the peg moves.","measurement-window basis: point close at the listed time vs mean over 60s window preceding the listed time. Different statistics over different windows at the same listed time, so the legs can resolve oppositely whenever the final window moves, and the divergence is SIGNED rather than mean-zero.","threshold knife-edge: the legs sit ONE quotation tick apart (67999.99 vs 68000 on a 0.01 grid), so any settled value in (67999.99, 68000] resolves them oppositely, the closed endpoint included. The population at risk is narrow, but the settled value need not land on that grid."
polymarket:3733216|kalshi:KXBTCD-26AUG1922-T68199.99,crypto:btc,Bitcoin,3733216,bitcoin-above-68200-on-august-19-2026-10pm-et,"Bitcoin above 68,200 on August 19, 10PM ET?",KXBTCD-26AUG1922-T68199.99,"Bitcoin price on Aug 19, 2026?","$68,200 or above",68200,exclusive,above,68199.99,exclusive,above,0.01,2026-08-20T02:00:00Z,1787191200000,0,binance,cf-benchmarks-brti,usdt,usd,point-close,0,ends-at-close,window-mean,60000,precedes-close,uma-optimistic-oracle,exchange-operator,0.79545,measurement-instant,"index basis: binance vs cf-benchmarks-brti. Different observables of the same asset, which near the strike can sit on opposite sides of it.","quote-currency basis: usdt vs usd. A stablecoin-quoted price and a fiat composite are not the same number, and the peg moves.","measurement-window basis: point close at the listed time vs mean over 60s window preceding the listed time. Different statistics over different windows at the same listed time, so the legs can resolve oppositely whenever the final window moves, and the divergence is SIGNED rather than mean-zero.","threshold knife-edge: the legs sit ONE quotation tick apart (68199.99 vs 68200 on a 0.01 grid), so any settled value in (68199.99, 68200] resolves them oppositely, the closed endpoint included. The population at risk is narrow, but the settled value need not land on that grid."
polymarket:3733215|kalshi:KXBTCD-26AUG1922-T68399.99,crypto:btc,Bitcoin,3733215,bitcoin-above-68400-on-august-19-2026-10pm-et,"Bitcoin above 68,400 on August 19, 10PM ET?",KXBTCD-26AUG1922-T68399.99,"Bitcoin price on Aug 19, 2026?","$68,400 or above",68400,exclusive,above,68399.99,exclusive,above,0.01,2026-08-20T02:00:00Z,1787191200000,0,binance,cf-benchmarks-brti,usdt,usd,point-close,0,ends-at-close,window-mean,60000,precedes-close,uma-optimistic-oracle,exchange-operator,0.79545,measurement-instant,"index basis: binance vs cf-benchmarks-brti. Different observables of the same asset, which near the strike can sit on opposite sides of it.","quote-currency basis: usdt vs usd. A stablecoin-quoted price and a fiat composite are not the same number, and the peg moves.","measurement-window basis: point close at the listed time vs mean over 60s window preceding the listed time. Different statistics over different windows at the same listed time, so the legs can resolve oppositely whenever the final window moves, and the divergence is SIGNED rather than mean-zero.","threshold knife-edge: the legs sit ONE quotation tick apart (68399.99 vs 68400 on a 0.01 grid), so any settled value in (68399.99, 68400] resolves them oppositely, the closed endpoint included. The population at risk is narrow, but the settled value need not land on that grid."
polymarket:3733214|kalshi:KXBTCD-26AUG1922-T68599.99,crypto:btc,Bitcoin,3733214,bitcoin-above-68600-on-august-19-2026-10pm-et,"Bitcoin above 68,600 on August 19, 10PM ET?",KXBTCD-26AUG1922-T68599.99,"Bitcoin price on Aug 19, 2026?","$68,600 or above",68600,exclusive,above,68599.99,exclusive,above,0.01,2026-08-20T02:00:00Z,1787191200000,0,binance,cf-benchmarks-brti,usdt,usd,point-close,0,ends-at-close,window-mean,60000,precedes-close,uma-optimistic-oracle,exchange-operator,0.79545,measurement-instant,"index basis: binance vs cf-benchmarks-brti. Different observables of the same asset, which near the strike can sit on opposite sides of it.","quote-currency basis: usdt vs usd. A stablecoin-quoted price and a fiat composite are not the same number, and the peg moves.","measurement-window basis: point close at the listed time vs mean over 60s window preceding the listed time. Different statistics over different windows at the same listed time, so the legs can resolve oppositely whenever the final window moves, and the divergence is SIGNED rather than mean-zero.","threshold knife-edge: the legs sit ONE quotation tick apart (68599.99 vs 68600 on a 0.01 grid), so any settled value in (68599.99, 68600] resolves them oppositely, the closed endpoint included. The population at risk is narrow, but the settled value need not land on that grid."
polymarket:3733213|kalshi:KXBTCD-26AUG1922-T68799.99,crypto:btc,Bitcoin,3733213,bitcoin-above-68800-on-august-19-2026-10pm-et,"Bitcoin above 68,800 on August 19, 10PM ET?",KXBTCD-26AUG1922-T68799.99,"Bitcoin price on Aug 19, 2026?","$68,800 or above",68800,exclusive,above,68799.99,exclusive,above,0.01,2026-08-20T02:00:00Z,1787191200000,0,binance,cf-benchmarks-brti,usdt,usd,point-close,0,ends-at-close,window-mean,60000,precedes-close,uma-optimistic-oracle,exchange-operator,0.79545,measurement-instant,"index basis: binance vs cf-benchmarks-brti. Different observables of the same asset, which near the strike can sit on opposite sides of it.","quote-currency basis: usdt vs usd. A stablecoin-quoted price and a fiat composite are not the same number, and the peg moves.","measurement-window basis: point close at the listed time vs mean over 60s window preceding the listed time. Different statistics over different windows at the same listed time, so the legs can resolve oppositely whenever the final window moves, and the divergence is SIGNED rather than mean-zero.","threshold knife-edge: the legs sit ONE quotation tick apart (68799.99 vs 68800 on a 0.01 grid), so any settled value in (68799.99, 68800] resolves them oppositely, the closed endpoint included. The population at risk is narrow, but the settled value need not land on that grid."
polymarket:3733212|kalshi:KXBTCD-26AUG1922-T68999.99,crypto:btc,Bitcoin,3733212,bitcoin-above-69000-on-august-19-2026-10pm-et,"Bitcoin above 69,000 on August 19, 10PM ET?",KXBTCD-26AUG1922-T68999.99,"Bitcoin price on Aug 19, 2026?","$69,000 or above",69000,exclusive,above,68999.99,exclusive,above,0.01,2026-08-20T02:00:00Z,1787191200000,0,binance,cf-benchmarks-brti,usdt,usd,point-close,0,ends-at-close,window-mean,60000,precedes-close,uma-optimistic-oracle,exchange-operator,0.79545,measurement-instant,"index basis: binance vs cf-benchmarks-brti. Different observables of the same asset, which near the strike can sit on opposite sides of it.","quote-currency basis: usdt vs usd. A stablecoin-quoted price and a fiat composite are not the same number, and the peg moves.","measurement-window basis: point close at the listed time vs mean over 60s window preceding the listed time. Different statistics over different windows at the same listed time, so the legs can resolve oppositely whenever the final window moves, and the divergence is SIGNED rather than mean-zero.","threshold knife-edge: the legs sit ONE quotation tick apart (68999.99 vs 69000 on a 0.01 grid), so any settled value in (68999.99, 69000] resolves them oppositely, the closed endpoint included. The population at risk is narrow, but the settled value need not land on that grid."
polymarket:3733211|kalshi:KXBTCD-26AUG1922-T69199.99,crypto:btc,Bitcoin,3733211,bitcoin-above-69200-on-august-19-2026-10pm-et,"Bitcoin above 69,200 on August 19, 10PM ET?",KXBTCD-26AUG1922-T69199.99,"Bitcoin price on Aug 19, 2026?","$69,200 or above",69200,exclusive,above,69199.99,exclusive,above,0.01,2026-08-20T02:00:00Z,1787191200000,0,binance,cf-benchmarks-brti,usdt,usd,point-close,0,ends-at-close,window-mean,60000,precedes-close,uma-optimistic-oracle,exchange-operator,0.79545,measurement-instant,"index basis: binance vs cf-benchmarks-brti. Different observables of the same asset, which near the strike can sit on opposite sides of it.","quote-currency basis: usdt vs usd. A stablecoin-quoted price and a fiat composite are not the same number, and the peg moves.","measurement-window basis: point close at the listed time vs mean over 60s window preceding the listed time. Different statistics over different windows at the same listed time, so the legs can resolve oppositely whenever the final window moves, and the divergence is SIGNED rather than mean-zero.","threshold knife-edge: the legs sit ONE quotation tick apart (69199.99 vs 69200 on a 0.01 grid), so any settled value in (69199.99, 69200] resolves them oppositely, the closed endpoint included. The population at risk is narrow, but the settled value need not land on that grid."
polymarket:3733210|kalshi:KXBTCD-26AUG1922-T69399.99,crypto:btc,Bitcoin,3733210,bitcoin-above-69400-on-august-19-2026-10pm-et,"Bitcoin above 69,400 on August 19, 10PM ET?",KXBTCD-26AUG1922-T69399.99,"Bitcoin price on Aug 19, 2026?","$69,400 or above",69400,exclusive,above,69399.99,exclusive,above,0.01,2026-08-20T02:00:00Z,1787191200000,0,binance,cf-benchmarks-brti,usdt,usd,point-close,0,ends-at-close,window-mean,60000,precedes-close,uma-optimistic-oracle,exchange-operator,0.79545,measurement-instant,"index basis: binance vs cf-benchmarks-brti. Different observables of the same asset, which near the strike can sit on opposite sides of it.","quote-currency basis: usdt vs usd. A stablecoin-quoted price and a fiat composite are not the same number, and the peg moves.","measurement-window basis: point close at the listed time vs mean over 60s window preceding the listed time. Different statistics over different windows at the same listed time, so the legs can resolve oppositely whenever the final window moves, and the divergence is SIGNED rather than mean-zero.","threshold knife-edge: the legs sit ONE quotation tick apart (69399.99 vs 69400 on a 0.01 grid), so any settled value in (69399.99, 69400] resolves them oppositely, the closed endpoint included. The population at risk is narrow, but the settled value need not land on that grid."
polymarket:3733209|kalshi:KXBTCD-26AUG1922-T69799.99,crypto:btc,Bitcoin,3733209,bitcoin-above-69800-on-august-19-2026-10pm-et,"Bitcoin above 69,800 on August 19, 10PM ET?",KXBTCD-26AUG1922-T69799.99,"Bitcoin price on Aug 19, 2026?","$69,800 or above",69800,exclusive,above,69799.99,exclusive,above,0.01,2026-08-20T02:00:00Z,1787191200000,0,binance,cf-benchmarks-brti,usdt,usd,point-close,0,ends-at-close,window-mean,60000,precedes-close,uma-optimistic-oracle,exchange-operator,0.79545,measurement-instant,"index basis: binance vs cf-benchmarks-brti. Different observables of the same asset, which near the strike can sit on opposite sides of it.","quote-currency basis: usdt vs usd. A stablecoin-quoted price and a fiat composite are not the same number, and the peg moves.","measurement-window basis: point close at the listed time vs mean over 60s window preceding the listed time. Different statistics over different windows at the same listed time, so the legs can resolve oppositely whenever the final window moves, and the divergence is SIGNED rather than mean-zero.","threshold knife-edge: the legs sit ONE quotation tick apart (69799.99 vs 69800 on a 0.01 grid), so any settled value in (69799.99, 69800] resolves them oppositely, the closed endpoint included. The population at risk is narrow, but the settled value need not land on that grid."
polymarket:3733208|kalshi:KXBTCD-26AUG1922-T69999.99,crypto:btc,Bitcoin,3733208,bitcoin-above-70000-on-august-19-2026-10pm-et,"Bitcoin above 70,000 on August 19, 10PM ET?",KXBTCD-26AUG1922-T69999.99,"Bitcoin price on Aug 19, 2026?","$70,000 or above",70000,exclusive,above,69999.99,exclusive,above,0.01,2026-08-20T02:00:00Z,1787191200000,0,binance,cf-benchmarks-brti,usdt,usd,point-close,0,ends-at-close,window-mean,60000,precedes-close,uma-optimistic-oracle,exchange-operator,0.79545,measurement-instant,"index basis: binance vs cf-benchmarks-brti. Different observables of the same asset, which near the strike can sit on opposite sides of it.","quote-currency basis: usdt vs usd. A stablecoin-quoted price and a fiat composite are not the same number, and the peg moves.","measurement-window basis: point close at the listed time vs mean over 60s window preceding the listed time. Different statistics over different windows at the same listed time, so the legs can resolve oppositely whenever the final window moves, and the divergence is SIGNED rather than mean-zero.","threshold knife-edge: the legs sit ONE quotation tick apart (69999.99 vs 70000 on a 0.01 grid), so any settled value in (69999.99, 70000] resolves them oppositely, the closed endpoint included. The population at risk is narrow, but the settled value need not land on that grid."
polymarket:3733207|kalshi:KXBTCD-26AUG1922-T70199.99,crypto:btc,Bitcoin,3733207,bitcoin-above-70200-on-august-19-2026-10pm-et,"Bitcoin above 70,200 on August 19, 10PM ET?",KXBTCD-26AUG1922-T70199.99,"Bitcoin price on Aug 19, 2026?","$70,200 or above",70200,exclusive,above,70199.99,exclusive,above,0.01,2026-08-20T02:00:00Z,1787191200000,0,binance,cf-benchmarks-brti,usdt,usd,point-close,0,ends-at-close,window-mean,60000,precedes-close,uma-optimistic-oracle,exchange-operator,0.79545,measurement-instant,"index basis: binance vs cf-benchmarks-brti. Different observables of the same asset, which near the strike can sit on opposite sides of it.","quote-currency basis: usdt vs usd. A stablecoin-quoted price and a fiat composite are not the same number, and the peg moves.","measurement-window basis: point close at the listed time vs mean over 60s window preceding the listed time. Different statistics over different windows at the same listed time, so the legs can resolve oppositely whenever the final window moves, and the divergence is SIGNED rather than mean-zero.","threshold knife-edge: the legs sit ONE quotation tick apart (70199.99 vs 70200 on a 0.01 grid), so any settled value in (70199.99, 70200] resolves them oppositely, the closed endpoint included. The population at risk is narrow, but the settled value need not land on that grid."
polymarket:3733206|kalshi:KXBTCD-26AUG1922-T70399.99,crypto:btc,Bitcoin,3733206,bitcoin-above-70400-on-august-19-2026-10pm-et,"Bitcoin above 70,400 on August 19, 10PM ET?",KXBTCD-26AUG1922-T70399.99,"Bitcoin price on Aug 19, 2026?","$70,400 or above",70400,exclusive,above,70399.99,exclusive,above,0.01,2026-08-20T02:00:00Z,1787191200000,0,binance,cf-benchmarks-brti,usdt,usd,point-close,0,ends-at-close,window-mean,60000,precedes-close,uma-optimistic-oracle,exchange-operator,0.79545,measurement-instant,"index basis: binance vs cf-benchmarks-brti. Different observables of the same asset, which near the strike can sit on opposite sides of it.","quote-currency basis: usdt vs usd. A stablecoin-quoted price and a fiat composite are not the same number, and the peg moves.","measurement-window basis: point close at the listed time vs mean over 60s window preceding the listed time. Different statistics over different windows at the same listed time, so the legs can resolve oppositely whenever the final window moves, and the divergence is SIGNED rather than mean-zero.","threshold knife-edge: the legs sit ONE quotation tick apart (70399.99 vs 70400 on a 0.01 grid), so any settled value in (70399.99, 70400] resolves them oppositely, the closed endpoint included. The population at risk is narrow, but the settled value need not land on that grid."
polymarket:3733205|kalshi:KXBTCD-26AUG1922-T70599.99,crypto:btc,Bitcoin,3733205,bitcoin-above-70600-on-august-19-2026-10pm-et,"Bitcoin above 70,600 on August 19, 10PM ET?",KXBTCD-26AUG1922-T70599.99,"Bitcoin price on Aug 19, 2026?","$70,600 or above",70600,exclusive,above,70599.99,exclusive,above,0.01,2026-08-20T02:00:00Z,1787191200000,0,binance,cf-benchmarks-brti,usdt,usd,point-close,0,ends-at-close,window-mean,60000,precedes-close,uma-optimistic-oracle,exchange-operator,0.79545,measurement-instant,"index basis: binance vs cf-benchmarks-brti. Different observables of the same asset, which near the strike can sit on opposite sides of it.","quote-currency basis: usdt vs usd. A stablecoin-quoted price and a fiat composite are not the same number, and the peg moves.","measurement-window basis: point close at the listed time vs mean over 60s window preceding the listed time. Different statistics over different windows at the same listed time, so the legs can resolve oppositely whenever the final window moves, and the divergence is SIGNED rather than mean-zero.","threshold knife-edge: the legs sit ONE quotation tick apart (70599.99 vs 70600 on a 0.01 grid), so any settled value in (70599.99, 70600] resolves them oppositely, the closed endpoint included. The population at risk is narrow, but the settled value need not land on that grid."
polymarket:3733204|kalshi:KXBTCD-26AUG1922-T70799.99,crypto:btc,Bitcoin,3733204,bitcoin-above-70800-on-august-19-2026-10pm-et,"Bitcoin above 70,800 on August 19, 10PM ET?",KXBTCD-26AUG1922-T70799.99,"Bitcoin price on Aug 19, 2026?","$70,800 or above",70800,exclusive,above,70799.99,exclusive,above,0.01,2026-08-20T02:00:00Z,1787191200000,0,binance,cf-benchmarks-brti,usdt,usd,point-close,0,ends-at-close,window-mean,60000,precedes-close,uma-optimistic-oracle,exchange-operator,0.79545,measurement-instant,"index basis: binance vs cf-benchmarks-brti. Different observables of the same asset, which near the strike can sit on opposite sides of it.","quote-currency basis: usdt vs usd. A stablecoin-quoted price and a fiat composite are not the same number, and the peg moves.","measurement-window basis: point close at the listed time vs mean over 60s window preceding the listed time. Different statistics over different windows at the same listed time, so the legs can resolve oppositely whenever the final window moves, and the divergence is SIGNED rather than mean-zero.","threshold knife-edge: the legs sit ONE quotation tick apart (70799.99 vs 70800 on a 0.01 grid), so any settled value in (70799.99, 70800] resolves them oppositely, the closed endpoint included. The population at risk is narrow, but the settled value need not land on that grid."
polymarket:3733203|kalshi:KXBTCD-26AUG1922-T70999.99,crypto:btc,Bitcoin,3733203,bitcoin-above-71000-on-august-19-2026-10pm-et,"Bitcoin above 71,000 on August 19, 10PM ET?",KXBTCD-26AUG1922-T70999.99,"Bitcoin price on Aug 19, 2026?","$71,000 or above",71000,exclusive,above,70999.99,exclusive,above,0.01,2026-08-20T02:00:00Z,1787191200000,0,binance,cf-benchmarks-brti,usdt,usd,point-close,0,ends-at-close,window-mean,60000,precedes-close,uma-optimistic-oracle,exchange-operator,0.79545,measurement-instant,"index basis: binance vs cf-benchmarks-brti. Different observables of the same asset, which near the strike can sit on opposite sides of it.","quote-currency basis: usdt vs usd. A stablecoin-quoted price and a fiat composite are not the same number, and the peg moves.","measurement-window basis: point close at the listed time vs mean over 60s window preceding the listed time. Different statistics over different windows at the same listed time, so the legs can resolve oppositely whenever the final window moves, and the divergence is SIGNED rather than mean-zero.","threshold knife-edge: the legs sit ONE quotation tick apart (70999.99 vs 71000 on a 0.01 grid), so any settled value in (70999.99, 71000] resolves them oppositely, the closed endpoint included. The population at risk is narrow, but the settled value need not land on that grid."
polymarket:3733202|kalshi:KXBTCD-26AUG1922-T71199.99,crypto:btc,Bitcoin,3733202,bitcoin-above-71200-on-august-19-2026-10pm-et,"Bitcoin above 71,200 on August 19, 10PM ET?",KXBTCD-26AUG1922-T71199.99,"Bitcoin price on Aug 19, 2026?","$71,200 or above",71200,exclusive,above,71199.99,exclusive,above,0.01,2026-08-20T02:00:00Z,1787191200000,0,binance,cf-benchmarks-brti,usdt,usd,point-close,0,ends-at-close,window-mean,60000,precedes-close,uma-optimistic-oracle,exchange-operator,0.79545,measurement-instant,"index basis: binance vs cf-benchmarks-brti. Different observables of the same asset, which near the strike can sit on opposite sides of it.","quote-currency basis: usdt vs usd. A stablecoin-quoted price and a fiat composite are not the same number, and the peg moves.","measurement-window basis: point close at the listed time vs mean over 60s window preceding the listed time. Different statistics over different windows at the same listed time, so the legs can resolve oppositely whenever the final window moves, and the divergence is SIGNED rather than mean-zero.","threshold knife-edge: the legs sit ONE quotation tick apart (71199.99 vs 71200 on a 0.01 grid), so any settled value in (71199.99, 71200] resolves them oppositely, the closed endpoint included. The population at risk is narrow, but the settled value need not land on that grid."
polymarket:3733201|kalshi:KXBTCD-26AUG1922-T71399.99,crypto:btc,Bitcoin,3733201,bitcoin-above-71400-on-august-19-2026-10pm-et,"Bitcoin above 71,400 on August 19, 10PM ET?",KXBTCD-26AUG1922-T71399.99,"Bitcoin price on Aug 19, 2026?","$71,400 or above",71400,exclusive,above,71399.99,exclusive,above,0.01,2026-08-20T02:00:00Z,1787191200000,0,binance,cf-benchmarks-brti,usdt,usd,point-close,0,ends-at-close,window-mean,60000,precedes-close,uma-optimistic-oracle,exchange-operator,0.79545,measurement-instant,"index basis: binance vs cf-benchmarks-brti. Different observables of the same asset, which near the strike can sit on opposite sides of it.","quote-currency basis: usdt vs usd. A stablecoin-quoted price and a fiat composite are not the same number, and the peg moves.","measurement-window basis: point close at the listed time vs mean over 60s window preceding the listed time. Different statistics over different windows at the same listed time, so the legs can resolve oppositely whenever the final window moves, and the divergence is SIGNED rather than mean-zero.","threshold knife-edge: the legs sit ONE quotation tick apart (71399.99 vs 71400 on a 0.01 grid), so any settled value in (71399.99, 71400] resolves them oppositely, the closed endpoint included. The population at risk is narrow, but the settled value need not land on that grid."
polymarket:3733200|kalshi:KXBTCD-26AUG1922-T71599.99,crypto:btc,Bitcoin,3733200,bitcoin-above-71600-on-august-19-2026-10pm-et,"Bitcoin above 71,600 on August 19, 10PM ET?",KXBTCD-26AUG1922-T71599.99,"Bitcoin price on Aug 19, 2026?","$71,600 or above",71600,exclusive,above,71599.99,exclusive,above,0.01,2026-08-20T02:00:00Z,1787191200000,0,binance,cf-benchmarks-brti,usdt,usd,point-close,0,ends-at-close,window-mean,60000,precedes-close,uma-optimistic-oracle,exchange-operator,0.79545,measurement-instant,"index basis: binance vs cf-benchmarks-brti. Different observables of the same asset, which near the strike can sit on opposite sides of it.","quote-currency basis: usdt vs usd. A stablecoin-quoted price and a fiat composite are not the same number, and the peg moves.","measurement-window basis: point close at the listed time vs mean over 60s window preceding the listed time. Different statistics over different windows at the same listed time, so the legs can resolve oppositely whenever the final window moves, and the divergence is SIGNED rather than mean-zero.","threshold knife-edge: the legs sit ONE quotation tick apart (71599.99 vs 71600 on a 0.01 grid), so any settled value in (71599.99, 71600] resolves them oppositely, the closed endpoint included. The population at risk is narrow, but the settled value need not land on that grid."
polymarket:3719575|kalshi:KXETHD-26AUG1909-T1839.99,crypto:eth,Ethereum,3719575,ethereum-above-1840-on-august-19-2026-9am-et,"Ethereum above 1,840 on August 19, 9AM ET?",KXETHD-26AUG1909-T1839.99,"Ethereum price at Aug 19, 2026 at 9am EDT?","$1,840 or above",1840,exclusive,above,1839.99,exclusive,above,0.01,2026-08-19T13:00:00Z,1787144400000,0,binance,cf-benchmarks-erti,usdt,usd,point-close,0,ends-at-close,window-mean,60000,precedes-close,uma-optimistic-oracle,exchange-operator,0.795292,measurement-instant,"index basis: binance vs cf-benchmarks-erti. Different observables of the same asset, which near the strike can sit on opposite sides of it.","quote-currency basis: usdt vs usd. A stablecoin-quoted price and a fiat composite are not the same number, and the peg moves.","measurement-window basis: point close at the listed time vs mean over 60s window preceding the listed time. Different statistics over different windows at the same listed time, so the legs can resolve oppositely whenever the final window moves, and the divergence is SIGNED rather than mean-zero.","threshold knife-edge: the legs sit ONE quotation tick apart (1839.99 vs 1840 on a 0.01 grid), so any settled value in (1839.99, 1840] resolves them oppositely, the closed endpoint included. The population at risk is narrow, but the settled value need not land on that grid."
polymarket:3719574|kalshi:KXETHD-26AUG1909-T1849.99,crypto:eth,Ethereum,3719574,ethereum-above-1850-on-august-19-2026-9am-et,"Ethereum above 1,850 on August 19, 9AM ET?",KXETHD-26AUG1909-T1849.99,"Ethereum price at Aug 19, 2026 at 9am EDT?","$1,850 or above",1850,exclusive,above,1849.99,exclusive,above,0.01,2026-08-19T13:00:00Z,1787144400000,0,binance,cf-benchmarks-erti,usdt,usd,point-close,0,ends-at-close,window-mean,60000,precedes-close,uma-optimistic-oracle,exchange-operator,0.795292,measurement-instant,"index basis: binance vs cf-benchmarks-erti. Different observables of the same asset, which near the strike can sit on opposite sides of it.","quote-currency basis: usdt vs usd. A stablecoin-quoted price and a fiat composite are not the same number, and the peg moves.","measurement-window basis: point close at the listed time vs mean over 60s window preceding the listed time. Different statistics over different windows at the same listed time, so the legs can resolve oppositely whenever the final window moves, and the divergence is SIGNED rather than mean-zero.","threshold knife-edge: the legs sit ONE quotation tick apart (1849.99 vs 1850 on a 0.01 grid), so any settled value in (1849.99, 1850] resolves them oppositely, the closed endpoint included. The population at risk is narrow, but the settled value need not land on that grid."
polymarket:3719573|kalshi:KXETHD-26AUG1909-T1859.99,crypto:eth,Ethereum,3719573,ethereum-above-1860-on-august-19-2026-9am-et,"Ethereum above 1,860 on August 19, 9AM ET?",KXETHD-26AUG1909-T1859.99,"Ethereum price at Aug 19, 2026 at 9am EDT?","$1,860 or above",1860,exclusive,above,1859.99,exclusive,above,0.01,2026-08-19T13:00:00Z,1787144400000,0,binance,cf-benchmarks-erti,usdt,usd,point-close,0,ends-at-close,window-mean,60000,precedes-close,uma-optimistic-oracle,exchange-operator,0.795293,measurement-instant,"index basis: binance vs cf-benchmarks-erti. Different observables of the same asset, which near the strike can sit on opposite sides of it.","quote-currency basis: usdt vs usd. A stablecoin-quoted price and a fiat composite are not the same number, and the peg moves.","measurement-window basis: point close at the listed time vs mean over 60s window preceding the listed time. Different statistics over different windows at the same listed time, so the legs can resolve oppositely whenever the final window moves, and the divergence is SIGNED rather than mean-zero.","threshold knife-edge: the legs sit ONE quotation tick apart (1859.99 vs 1860 on a 0.01 grid), so any settled value in (1859.99, 1860] resolves them oppositely, the closed endpoint included. The population at risk is narrow, but the settled value need not land on that grid."
polymarket:3719572|kalshi:KXETHD-26AUG1909-T1869.99,crypto:eth,Ethereum,3719572,ethereum-above-1870-on-august-19-2026-9am-et,"Ethereum above 1,870 on August 19, 9AM ET?",KXETHD-26AUG1909-T1869.99,"Ethereum price at Aug 19, 2026 at 9am EDT?","$1,870 or above",1870,exclusive,above,1869.99,exclusive,above,0.01,2026-08-19T13:00:00Z,1787144400000,0,binance,cf-benchmarks-erti,usdt,usd,point-close,0,ends-at-close,window-mean,60000,precedes-close,uma-optimistic-oracle,exchange-operator,0.795294,measurement-instant,"index basis: binance vs cf-benchmarks-erti. Different observables of the same asset, which near the strike can sit on opposite sides of it.","quote-currency basis: usdt vs usd. A stablecoin-quoted price and a fiat composite are not the same number, and the peg moves.","measurement-window basis: point close at the listed time vs mean over 60s window preceding the listed time. Different statistics over different windows at the same listed time, so the legs can resolve oppositely whenever the final window moves, and the divergence is SIGNED rather than mean-zero.","threshold knife-edge: the legs sit ONE quotation tick apart (1869.99 vs 1870 on a 0.01 grid), so any settled value in (1869.99, 1870] resolves them oppositely, the closed endpoint included. The population at risk is narrow, but the settled value need not land on that grid."
polymarket:3719571|kalshi:KXETHD-26AUG1909-T1879.99,crypto:eth,Ethereum,3719571,ethereum-above-1880-on-august-19-2026-9am-et,"Ethereum above 1,880 on August 19, 9AM ET?",KXETHD-26AUG1909-T1879.99,"Ethereum price at Aug 19, 2026 at 9am EDT?","$1,880 or above",1880,exclusive,above,1879.99,exclusive,above,0.01,2026-08-19T13:00:00Z,1787144400000,0,binance,cf-benchmarks-erti,usdt,usd,point-close,0,ends-at-close,window-mean,60000,precedes-close,uma-optimistic-oracle,exchange-operator,0.795295,measurement-instant,"index basis: binance vs cf-benchmarks-erti. Different observables of the same asset, which near the strike can sit on opposite sides of it.","quote-currency basis: usdt vs usd. A stablecoin-quoted price and a fiat composite are not the same number, and the peg moves.","measurement-window basis: point close at the listed time vs mean over 60s window preceding the listed time. Different statistics over different windows at the same listed time, so the legs can resolve oppositely whenever the final window moves, and the divergence is SIGNED rather than mean-zero.","threshold knife-edge: the legs sit ONE quotation tick apart (1879.99 vs 1880 on a 0.01 grid), so any settled value in (1879.99, 1880] resolves them oppositely, the closed endpoint included. The population at risk is narrow, but the settled value need not land on that grid."
polymarket:3719570|kalshi:KXETHD-26AUG1909-T1889.99,crypto:eth,Ethereum,3719570,ethereum-above-1890-on-august-19-2026-9am-et,"Ethereum above 1,890 on August 19, 9AM ET?",KXETHD-26AUG1909-T1889.99,"Ethereum price at Aug 19, 2026 at 9am EDT?","$1,890 or above",1890,exclusive,above,1889.99,exclusive,above,0.01,2026-08-19T13:00:00Z,1787144400000,0,binance,cf-benchmarks-erti,usdt,usd,point-close,0,ends-at-close,window-mean,60000,precedes-close,uma-optimistic-oracle,exchange-operator,0.795296,measurement-instant,"index basis: binance vs cf-benchmarks-erti. Different observables of the same asset, which near the strike can sit on opposite sides of it.","quote-currency basis: usdt vs usd. A stablecoin-quoted price and a fiat composite are not the same number, and the peg moves.","measurement-window basis: point close at the listed time vs mean over 60s window preceding the listed time. Different statistics over different windows at the same listed time, so the legs can resolve oppositely whenever the final window moves, and the divergence is SIGNED rather than mean-zero.","threshold knife-edge: the legs sit ONE quotation tick apart (1889.99 vs 1890 on a 0.01 grid), so any settled value in (1889.99, 1890] resolves them oppositely, the closed endpoint included. The population at risk is narrow, but the settled value need not land on that grid."
polymarket:3719569|kalshi:KXETHD-26AUG1909-T1899.99,crypto:eth,Ethereum,3719569,ethereum-above-1900-on-august-19-2026-9am-et,"Ethereum above 1,900 on August 19, 9AM ET?",KXETHD-26AUG1909-T1899.99,"Ethereum price at Aug 19, 2026 at 9am EDT?","$1,900 or above",1900,exclusive,above,1899.99,exclusive,above,0.01,2026-08-19T13:00:00Z,1787144400000,0,binance,cf-benchmarks-erti,usdt,usd,point-close,0,ends-at-close,window-mean,60000,precedes-close,uma-optimistic-oracle,exchange-operator,0.795297,measurement-instant,"index basis: binance vs cf-benchmarks-erti. Different observables of the same asset, which near the strike can sit on opposite sides of it.","quote-currency basis: usdt vs usd. A stablecoin-quoted price and a fiat composite are not the same number, and the peg moves.","measurement-window basis: point close at the listed time vs mean over 60s window preceding the listed time. Different statistics over different windows at the same listed time, so the legs can resolve oppositely whenever the final window moves, and the divergence is SIGNED rather than mean-zero.","threshold knife-edge: the legs sit ONE quotation tick apart (1899.99 vs 1900 on a 0.01 grid), so any settled value in (1899.99, 1900] resolves them oppositely, the closed endpoint included. The population at risk is narrow, but the settled value need not land on that grid."
polymarket:3719568|kalshi:KXETHD-26AUG1909-T1909.99,crypto:eth,Ethereum,3719568,ethereum-above-1910-on-august-19-2026-9am-et,"Ethereum above 1,910 on August 19, 9AM ET?",KXETHD-26AUG1909-T1909.99,"Ethereum price at Aug 19, 2026 at 9am EDT?","$1,910 or above",1910,exclusive,above,1909.99,exclusive,above,0.01,2026-08-19T13:00:00Z,1787144400000,0,binance,cf-benchmarks-erti,usdt,usd,point-close,0,ends-at-close,window-mean,60000,precedes-close,uma-optimistic-oracle,exchange-operator,0.795297,measurement-instant,"index basis: binance vs cf-benchmarks-erti. Different observables of the same asset, which near the strike can sit on opposite sides of it.","quote-currency basis: usdt vs usd. A stablecoin-quoted price and a fiat composite are not the same number, and the peg moves.","measurement-window basis: point close at the listed time vs mean over 60s window preceding the listed time. Different statistics over different windows at the same listed time, so the legs can resolve oppositely whenever the final window moves, and the divergence is SIGNED rather than mean-zero.","threshold knife-edge: the legs sit ONE quotation tick apart (1909.99 vs 1910 on a 0.01 grid), so any settled value in (1909.99, 1910] resolves them oppositely, the closed endpoint included. The population at risk is narrow, but the settled value need not land on that grid."
polymarket:3719567|kalshi:KXETHD-26AUG1909-T1929.99,crypto:eth,Ethereum,3719567,ethereum-above-1930-on-august-19-2026-9am-et,"Ethereum above 1,930 on August 19, 9AM ET?",KXETHD-26AUG1909-T1929.99,"Ethereum price at Aug 19, 2026 at 9am EDT?","$1,930 or above",1930,exclusive,above,1929.99,exclusive,above,0.01,2026-08-19T13:00:00Z,1787144400000,0,binance,cf-benchmarks-erti,usdt,usd,point-close,0,ends-at-close,window-mean,60000,precedes-close,uma-optimistic-oracle,exchange-operator,0.795299,measurement-instant,"index basis: binance vs cf-benchmarks-erti. Different observables of the same asset, which near the strike can sit on opposite sides of it.","quote-currency basis: usdt vs usd. A stablecoin-quoted price and a fiat composite are not the same number, and the peg moves.","measurement-window basis: point close at the listed time vs mean over 60s window preceding the listed time. Different statistics over different windows at the same listed time, so the legs can resolve oppositely whenever the final window moves, and the divergence is SIGNED rather than mean-zero.","threshold knife-edge: the legs sit ONE quotation tick apart (1929.99 vs 1930 on a 0.01 grid), so any settled value in (1929.99, 1930] resolves them oppositely, the closed endpoint included. The population at risk is narrow, but the settled value need not land on that grid."
polymarket:3719566|kalshi:KXETHD-26AUG1909-T1939.99,crypto:eth,Ethereum,3719566,ethereum-above-1940-on-august-19-2026-9am-et,"Ethereum above 1,940 on August 19, 9AM ET?",KXETHD-26AUG1909-T1939.99,"Ethereum price at Aug 19, 2026 at 9am EDT?","$1,940 or above",1940,exclusive,above,1939.99,exclusive,above,0.01,2026-08-19T13:00:00Z,1787144400000,0,binance,cf-benchmarks-erti,usdt,usd,point-close,0,ends-at-close,window-mean,60000,precedes-close,uma-optimistic-oracle,exchange-operator,0.7953,measurement-instant,"index basis: binance vs cf-benchmarks-erti. Different observables of the same asset, which near the strike can sit on opposite sides of it.","quote-currency basis: usdt vs usd. A stablecoin-quoted price and a fiat composite are not the same number, and the peg moves.","measurement-window basis: point close at the listed time vs mean over 60s window preceding the listed time. Different statistics over different windows at the same listed time, so the legs can resolve oppositely whenever the final window moves, and the divergence is SIGNED rather than mean-zero.","threshold knife-edge: the legs sit ONE quotation tick apart (1939.99 vs 1940 on a 0.01 grid), so any settled value in (1939.99, 1940] resolves them oppositely, the closed endpoint included. The population at risk is narrow, but the settled value need not land on that grid."
polymarket:3719565|kalshi:KXETHD-26AUG1909-T1949.99,crypto:eth,Ethereum,3719565,ethereum-above-1950-on-august-19-2026-9am-et,"Ethereum above 1,950 on August 19, 9AM ET?",KXETHD-26AUG1909-T1949.99,"Ethereum price at Aug 19, 2026 at 9am EDT?","$1,950 or above",1950,exclusive,above,1949.99,exclusive,above,0.01,2026-08-19T13:00:00Z,1787144400000,0,binance,cf-benchmarks-erti,usdt,usd,point-close,0,ends-at-close,window-mean,60000,precedes-close,uma-optimistic-oracle,exchange-operator,0.795301,measurement-instant,"index basis: binance vs cf-benchmarks-erti. Different observables of the same asset, which near the strike can sit on opposite sides of it.","quote-currency basis: usdt vs usd. A stablecoin-quoted price and a fiat composite are not the same number, and the peg moves.","measurement-window basis: point close at the listed time vs mean over 60s window preceding the listed time. Different statistics over different windows at the same listed time, so the legs can resolve oppositely whenever the final window moves, and the divergence is SIGNED rather than mean-zero.","threshold knife-edge: the legs sit ONE quotation tick apart (1949.99 vs 1950 on a 0.01 grid), so any settled value in (1949.99, 1950] resolves them oppositely, the closed endpoint included. The population at risk is narrow, but the settled value need not land on that grid."
polymarket:3719564|kalshi:KXETHD-26AUG1909-T1959.99,crypto:eth,Ethereum,3719564,ethereum-above-1960-on-august-19-2026-9am-et,"Ethereum above 1,960 on August 19, 9AM ET?",KXETHD-26AUG1909-T1959.99,"Ethereum price at Aug 19, 2026 at 9am EDT?","$1,960 or above",1960,exclusive,above,1959.99,exclusive,above,0.01,2026-08-19T13:00:00Z,1787144400000,0,binance,cf-benchmarks-erti,usdt,usd,point-close,0,ends-at-close,window-mean,60000,precedes-close,uma-optimistic-oracle,exchange-operator,0.795301,measurement-instant,"index basis: binance vs cf-benchmarks-erti. Different observables of the same asset, which near the strike can sit on opposite sides of it.","quote-currency basis: usdt vs usd. A stablecoin-quoted price and a fiat composite are not the same number, and the peg moves.","measurement-window basis: point close at the listed time vs mean over 60s window preceding the listed time. Different statistics over different windows at the same listed time, so the legs can resolve oppositely whenever the final window moves, and the divergence is SIGNED rather than mean-zero.","threshold knife-edge: the legs sit ONE quotation tick apart (1959.99 vs 1960 on a 0.01 grid), so any settled value in (1959.99, 1960] resolves them oppositely, the closed endpoint included. The population at risk is narrow, but the settled value need not land on that grid."
polymarket:3719563|kalshi:KXETHD-26AUG1909-T1969.99,crypto:eth,Ethereum,3719563,ethereum-above-1970-on-august-19-2026-9am-et,"Ethereum above 1,970 on August 19, 9AM ET?",KXETHD-26AUG1909-T1969.99,"Ethereum price at Aug 19, 2026 at 9am EDT?","$1,970 or above",1970,exclusive,above,1969.99,exclusive,above,0.01,2026-08-19T13:00:00Z,1787144400000,0,binance,cf-benchmarks-erti,usdt,usd,point-close,0,ends-at-close,window-mean,60000,precedes-close,uma-optimistic-oracle,exchange-operator,0.795302,measurement-instant,"index basis: binance vs cf-benchmarks-erti. Different observables of the same asset, which near the strike can sit on opposite sides of it.","quote-currency basis: usdt vs usd. A stablecoin-quoted price and a fiat composite are not the same number, and the peg moves.","measurement-window basis: point close at the listed time vs mean over 60s window preceding the listed time. Different statistics over different windows at the same listed time, so the legs can resolve oppositely whenever the final window moves, and the divergence is SIGNED rather than mean-zero.","threshold knife-edge: the legs sit ONE quotation tick apart (1969.99 vs 1970 on a 0.01 grid), so any settled value in (1969.99, 1970] resolves them oppositely, the closed endpoint included. The population at risk is narrow, but the settled value need not land on that grid."
polymarket:3719562|kalshi:KXETHD-26AUG1909-T1979.99,crypto:eth,Ethereum,3719562,ethereum-above-1980-on-august-19-2026-9am-et,"Ethereum above 1,980 on August 19, 9AM ET?",KXETHD-26AUG1909-T1979.99,"Ethereum price at Aug 19, 2026 at 9am EDT?","$1,980 or above",1980,exclusive,above,1979.99,exclusive,above,0.01,2026-08-19T13:00:00Z,1787144400000,0,binance,cf-benchmarks-erti,usdt,usd,point-close,0,ends-at-close,window-mean,60000,precedes-close,uma-optimistic-oracle,exchange-operator,0.795303,measurement-instant,"index basis: binance vs cf-benchmarks-erti. Different observables of the same asset, which near the strike can sit on opposite sides of it.","quote-currency basis: usdt vs usd. A stablecoin-quoted price and a fiat composite are not the same number, and the peg moves.","measurement-window basis: point close at the listed time vs mean over 60s window preceding the listed time. Different statistics over different windows at the same listed time, so the legs can resolve oppositely whenever the final window moves, and the divergence is SIGNED rather than mean-zero.","threshold knife-edge: the legs sit ONE quotation tick apart (1979.99 vs 1980 on a 0.01 grid), so any settled value in (1979.99, 1980] resolves them oppositely, the closed endpoint included. The population at risk is narrow, but the settled value need not land on that grid."
polymarket:3719561|kalshi:KXETHD-26AUG1909-T1989.99,crypto:eth,Ethereum,3719561,ethereum-above-1990-on-august-19-2026-9am-et,"Ethereum above 1,990 on August 19, 9AM ET?",KXETHD-26AUG1909-T1989.99,"Ethereum price at Aug 19, 2026 at 9am EDT?","$1,990 or above",1990,exclusive,above,1989.99,exclusive,above,0.01,2026-08-19T13:00:00Z,1787144400000,0,binance,cf-benchmarks-erti,usdt,usd,point-close,0,ends-at-close,window-mean,60000,precedes-close,uma-optimistic-oracle,exchange-operator,0.795304,measurement-instant,"index basis: binance vs cf-benchmarks-erti. Different observables of the same asset, which near the strike can sit on opposite sides of it.","quote-currency basis: usdt vs usd. A stablecoin-quoted price and a fiat composite are not the same number, and the peg moves.","measurement-window basis: point close at the listed time vs mean over 60s window preceding the listed time. Different statistics over different windows at the same listed time, so the legs can resolve oppositely whenever the final window moves, and the divergence is SIGNED rather than mean-zero.","threshold knife-edge: the legs sit ONE quotation tick apart (1989.99 vs 1990 on a 0.01 grid), so any settled value in (1989.99, 1990] resolves them oppositely, the closed endpoint included. The population at risk is narrow, but the settled value need not land on that grid."
polymarket:3719560|kalshi:KXETHD-26AUG1909-T1999.99,crypto:eth,Ethereum,3719560,ethereum-above-2000-on-august-19-2026-9am-et,"Ethereum above 2,000 on August 19, 9AM ET?",KXETHD-26AUG1909-T1999.99,"Ethereum price at Aug 19, 2026 at 9am EDT?","$2,000 or above",2000,exclusive,above,1999.99,exclusive,above,0.01,2026-08-19T13:00:00Z,1787144400000,0,binance,cf-benchmarks-erti,usdt,usd,point-close,0,ends-at-close,window-mean,60000,precedes-close,uma-optimistic-oracle,exchange-operator,0.795305,measurement-instant,"index basis: binance vs cf-benchmarks-erti. Different observables of the same asset, which near the strike can sit on opposite sides of it.","quote-currency basis: usdt vs usd. A stablecoin-quoted price and a fiat composite are not the same number, and the peg moves.","measurement-window basis: point close at the listed time vs mean over 60s window preceding the listed time. Different statistics over different windows at the same listed time, so the legs can resolve oppositely whenever the final window moves, and the divergence is SIGNED rather than mean-zero.","threshold knife-edge: the legs sit ONE quotation tick apart (1999.99 vs 2000 on a 0.01 grid), so any settled value in (1999.99, 2000] resolves them oppositely, the closed endpoint included. The population at risk is narrow, but the settled value need not land on that grid."
polymarket:3720424|kalshi:KXETHD-26AUG1910-T1849.99,crypto:eth,Ethereum,3720424,ethereum-above-1850-on-august-19-2026-10am-et,"Ethereum above 1,850 on August 19, 10AM ET?",KXETHD-26AUG1910-T1849.99,"Ethereum price at Aug 19, 2026 at 10am EDT?","$1,850 or above",1850,exclusive,above,1849.99,exclusive,above,0.01,2026-08-19T14:00:00Z,1787148000000,0,binance,cf-benchmarks-erti,usdt,usd,point-close,0,ends-at-close,window-mean,60000,precedes-close,uma-optimistic-oracle,exchange-operator,0.795292,measurement-instant,"index basis: binance vs cf-benchmarks-erti. Different observables of the same asset, which near the strike can sit on opposite sides of it.","quote-currency basis: usdt vs usd. A stablecoin-quoted price and a fiat composite are not the same number, and the peg moves.","measurement-window basis: point close at the listed time vs mean over 60s window preceding the listed time. Different statistics over different windows at the same listed time, so the legs can resolve oppositely whenever the final window moves, and the divergence is SIGNED rather than mean-zero.","threshold knife-edge: the legs sit ONE quotation tick apart (1849.99 vs 1850 on a 0.01 grid), so any settled value in (1849.99, 1850] resolves them oppositely, the closed endpoint included. The population at risk is narrow, but the settled value need not land on that grid."
polymarket:3720423|kalshi:KXETHD-26AUG1910-T1859.99,crypto:eth,Ethereum,3720423,ethereum-above-1860-on-august-19-2026-10am-et,"Ethereum above 1,860 on August 19, 10AM ET?",KXETHD-26AUG1910-T1859.99,"Ethereum price at Aug 19, 2026 at 10am EDT?","$1,860 or above",1860,exclusive,above,1859.99,exclusive,above,0.01,2026-08-19T14:00:00Z,1787148000000,0,binance,cf-benchmarks-erti,usdt,usd,point-close,0,ends-at-close,window-mean,60000,precedes-close,uma-optimistic-oracle,exchange-operator,0.795293,measurement-instant,"index basis: binance vs cf-benchmarks-erti. Different observables of the same asset, which near the strike can sit on opposite sides of it.","quote-currency basis: usdt vs usd. A stablecoin-quoted price and a fiat composite are not the same number, and the peg moves.","measurement-window basis: point close at the listed time vs mean over 60s window preceding the listed time. Different statistics over different windows at the same listed time, so the legs can resolve oppositely whenever the final window moves, and the divergence is SIGNED rather than mean-zero.","threshold knife-edge: the legs sit ONE quotation tick apart (1859.99 vs 1860 on a 0.01 grid), so any settled value in (1859.99, 1860] resolves them oppositely, the closed endpoint included. The population at risk is narrow, but the settled value need not land on that grid."
polymarket:3720422|kalshi:KXETHD-26AUG1910-T1869.99,crypto:eth,Ethereum,3720422,ethereum-above-1870-on-august-19-2026-10am-et,"Ethereum above 1,870 on August 19, 10AM ET?",KXETHD-26AUG1910-T1869.99,"Ethereum price at Aug 19, 2026 at 10am EDT?","$1,870 or above",1870,exclusive,above,1869.99,exclusive,above,0.01,2026-08-19T14:00:00Z,1787148000000,0,binance,cf-benchmarks-erti,usdt,usd,point-close,0,ends-at-close,window-mean,60000,precedes-close,uma-optimistic-oracle,exchange-operator,0.795294,measurement-instant,"index basis: binance vs cf-benchmarks-erti. Different observables of the same asset, which near the strike can sit on opposite sides of it.","quote-currency basis: usdt vs usd. A stablecoin-quoted price and a fiat composite are not the same number, and the peg moves.","measurement-window basis: point close at the listed time vs mean over 60s window preceding the listed time. Different statistics over different windows at the same listed time, so the legs can resolve oppositely whenever the final window moves, and the divergence is SIGNED rather than mean-zero.","threshold knife-edge: the legs sit ONE quotation tick apart (1869.99 vs 1870 on a 0.01 grid), so any settled value in (1869.99, 1870] resolves them oppositely, the closed endpoint included. The population at risk is narrow, but the settled value need not land on that grid."
polymarket:3720421|kalshi:KXETHD-26AUG1910-T1879.99,crypto:eth,Ethereum,3720421,ethereum-above-1880-on-august-19-2026-10am-et,"Ethereum above 1,880 on August 19, 10AM ET?",KXETHD-26AUG1910-T1879.99,"Ethereum price at Aug 19, 2026 at 10am EDT?","$1,880 or above",1880,exclusive,above,1879.99,exclusive,above,0.01,2026-08-19T14:00:00Z,1787148000000,0,binance,cf-benchmarks-erti,usdt,usd,point-close,0,ends-at-close,window-mean,60000,precedes-close,uma-optimistic-oracle,exchange-operator,0.795295,measurement-instant,"index basis: binance vs cf-benchmarks-erti. Different observables of the same asset, which near the strike can sit on opposite sides of it.","quote-currency basis: usdt vs usd. A stablecoin-quoted price and a fiat composite are not the same number, and the peg moves.","measurement-window basis: point close at the listed time vs mean over 60s window preceding the listed time. Different statistics over different windows at the same listed time, so the legs can resolve oppositely whenever the final window moves, and the divergence is SIGNED rather than mean-zero.","threshold knife-edge: the legs sit ONE quotation tick apart (1879.99 vs 1880 on a 0.01 grid), so any settled value in (1879.99, 1880] resolves them oppositely, the closed endpoint included. The population at risk is narrow, but the settled value need not land on that grid."
polymarket:3720420|kalshi:KXETHD-26AUG1910-T1889.99,crypto:eth,Ethereum,3720420,ethereum-above-1890-on-august-19-2026-10am-et,"Ethereum above 1,890 on August 19, 10AM ET?",KXETHD-26AUG1910-T1889.99,"Ethereum price at Aug 19, 2026 at 10am EDT?","$1,890 or above",1890,exclusive,above,1889.99,exclusive,above,0.01,2026-08-19T14:00:00Z,1787148000000,0,binance,cf-benchmarks-erti,usdt,usd,point-close,0,ends-at-close,window-mean,60000,precedes-close,uma-optimistic-oracle,exchange-operator,0.795296,measurement-instant,"index basis: binance vs cf-benchmarks-erti. Different observables of the same asset, which near the strike can sit on opposite sides of it.","quote-currency basis: usdt vs usd. A stablecoin-quoted price and a fiat composite are not the same number, and the peg moves.","measurement-window basis: point close at the listed time vs mean over 60s window preceding the listed time. Different statistics over different windows at the same listed time, so the legs can resolve oppositely whenever the final window moves, and the divergence is SIGNED rather than mean-zero.","threshold knife-edge: the legs sit ONE quotation tick apart (1889.99 vs 1890 on a 0.01 grid), so any settled value in (1889.99, 1890] resolves them oppositely, the closed endpoint included. The population at risk is narrow, but the settled value need not land on that grid."
polymarket:3720419|kalshi:KXETHD-26AUG1910-T1899.99,crypto:eth,Ethereum,3720419,ethereum-above-1900-on-august-19-2026-10am-et,"Ethereum above 1,900 on August 19, 10AM ET?",KXETHD-26AUG1910-T1899.99,"Ethereum price at Aug 19, 2026 at 10am EDT?","$1,900 or above",1900,exclusive,above,1899.99,exclusive,above,0.01,2026-08-19T14:00:00Z,1787148000000,0,binance,cf-benchmarks-erti,usdt,usd,point-close,0,ends-at-close,window-mean,60000,precedes-close,uma-optimistic-oracle,exchange-operator,0.795297,measurement-instant,"index basis: binance vs cf-benchmarks-erti. Different observables of the same asset, which near the strike can sit on opposite sides of it.","quote-currency basis: usdt vs usd. A stablecoin-quoted price and a fiat composite are not the same number, and the peg moves.","measurement-window basis: point close at the listed time vs mean over 60s window preceding the listed time. Different statistics over different windows at the same listed time, so the legs can resolve oppositely whenever the final window moves, and the divergence is SIGNED rather than mean-zero.","threshold knife-edge: the legs sit ONE quotation tick apart (1899.99 vs 1900 on a 0.01 grid), so any settled value in (1899.99, 1900] resolves them oppositely, the closed endpoint included. The population at risk is narrow, but the settled value need not land on that grid."
polymarket:3720418|kalshi:KXETHD-26AUG1910-T1909.99,crypto:eth,Ethereum,3720418,ethereum-above-1910-on-august-19-2026-10am-et,"Ethereum above 1,910 on August 19, 10AM ET?",KXETHD-26AUG1910-T1909.99,"Ethereum price at Aug 19, 2026 at 10am EDT?","$1,910 or above",1910,exclusive,above,1909.99,exclusive,above,0.01,2026-08-19T14:00:00Z,1787148000000,0,binance,cf-benchmarks-erti,usdt,usd,point-close,0,ends-at-close,window-mean,60000,precedes-close,uma-optimistic-oracle,exchange-operator,0.795297,measurement-instant,"index basis: binance vs cf-benchmarks-erti. Different observables of the same asset, which near the strike can sit on opposite sides of it.","quote-currency basis: usdt vs usd. A stablecoin-quoted price and a fiat composite are not the same number, and the peg moves.","measurement-window basis: point close at the listed time vs mean over 60s window preceding the listed time. Different statistics over different windows at the same listed time, so the legs can resolve oppositely whenever the final window moves, and the divergence is SIGNED rather than mean-zero.","threshold knife-edge: the legs sit ONE quotation tick apart (1909.99 vs 1910 on a 0.01 grid), so any settled value in (1909.99, 1910] resolves them oppositely, the closed endpoint included. The population at risk is narrow, but the settled value need not land on that grid."
polymarket:3720417|kalshi:KXETHD-26AUG1910-T1919.99,crypto:eth,Ethereum,3720417,ethereum-above-1920-on-august-19-2026-10am-et,"Ethereum above 1,920 on August 19, 10AM ET?",KXETHD-26AUG1910-T1919.99,"Ethereum price at Aug 19, 2026 at 10am EDT?","$1,920 or above",1920,exclusive,above,1919.99,exclusive,above,0.01,2026-08-19T14:00:00Z,1787148000000,0,binance,cf-benchmarks-erti,usdt,usd,point-close,0,ends-at-close,window-mean,60000,precedes-close,uma-optimistic-oracle,exchange-operator,0.795298,measurement-instant,"index basis: binance vs cf-benchmarks-erti. Different observables of the same asset, which near the strike can sit on opposite sides of it.","quote-currency basis: usdt vs usd. A stablecoin-quoted price and a fiat composite are not the same number, and the peg moves.","measurement-window basis: point close at the listed time vs mean over 60s window preceding the listed time. Different statistics over different windows at the same listed time, so the legs can resolve oppositely whenever the final window moves, and the divergence is SIGNED rather than mean-zero.","threshold knife-edge: the legs sit ONE quotation tick apart (1919.99 vs 1920 on a 0.01 grid), so any settled value in (1919.99, 1920] resolves them oppositely, the closed endpoint included. The population at risk is narrow, but the settled value need not land on that grid."
polymarket:3720416|kalshi:KXETHD-26AUG1910-T1939.99,crypto:eth,Ethereum,3720416,ethereum-above-1940-on-august-19-2026-10am-et,"Ethereum above 1,940 on August 19, 10AM ET?",KXETHD-26AUG1910-T1939.99,"Ethereum price at Aug 19, 2026 at 10am EDT?","$1,940 or above",1940,exclusive,above,1939.99,exclusive,above,0.01,2026-08-19T14:00:00Z,1787148000000,0,binance,cf-benchmarks-erti,usdt,usd,point-close,0,ends-at-close,window-mean,60000,precedes-close,uma-optimistic-oracle,exchange-operator,0.7953,measurement-instant,"index basis: binance vs cf-benchmarks-erti. Different observables of the same asset, which near the strike can sit on opposite sides of it.","quote-currency basis: usdt vs usd. A stablecoin-quoted price and a fiat composite are not the same number, and the peg moves.","measurement-window basis: point close at the listed time vs mean over 60s window preceding the listed time. Different statistics over different windows at the same listed time, so the legs can resolve oppositely whenever the final window moves, and the divergence is SIGNED rather than mean-zero.","threshold knife-edge: the legs sit ONE quotation tick apart (1939.99 vs 1940 on a 0.01 grid), so any settled value in (1939.99, 1940] resolves them oppositely, the closed endpoint included. The population at risk is narrow, but the settled value need not land on that grid."
polymarket:3720415|kalshi:KXETHD-26AUG1910-T1949.99,crypto:eth,Ethereum,3720415,ethereum-above-1950-on-august-19-2026-10am-et,"Ethereum above 1,950 on August 19, 10AM ET?",KXETHD-26AUG1910-T1949.99,"Ethereum price at Aug 19, 2026 at 10am EDT?","$1,950 or above",1950,exclusive,above,1949.99,exclusive,above,0.01,2026-08-19T14:00:00Z,1787148000000,0,binance,cf-benchmarks-erti,usdt,usd,point-close,0,ends-at-close,window-mean,60000,precedes-close,uma-optimistic-oracle,exchange-operator,0.795301,measurement-instant,"index basis: binance vs cf-benchmarks-erti. Different observables of the same asset, which near the strike can sit on opposite sides of it.","quote-currency basis: usdt vs usd. A stablecoin-quoted price and a fiat composite are not the same number, and the peg moves.","measurement-window basis: point close at the listed time vs mean over 60s window preceding the listed time. Different statistics over different windows at the same listed time, so the legs can resolve oppositely whenever the final window moves, and the divergence is SIGNED rather than mean-zero.","threshold knife-edge: the legs sit ONE quotation tick apart (1949.99 vs 1950 on a 0.01 grid), so any settled value in (1949.99, 1950] resolves them oppositely, the closed endpoint included. The population at risk is narrow, but the settled value need not land on that grid."
polymarket:3720414|kalshi:KXETHD-26AUG1910-T1959.99,crypto:eth,Ethereum,3720414,ethereum-above-1960-on-august-19-2026-10am-et,"Ethereum above 1,960 on August 19, 10AM ET?",KXETHD-26AUG1910-T1959.99,"Ethereum price at Aug 19, 2026 at 10am EDT?","$1,960 or above",1960,exclusive,above,1959.99,exclusive,above,0.01,2026-08-19T14:00:00Z,1787148000000,0,binance,cf-benchmarks-erti,usdt,usd,point-close,0,ends-at-close,window-mean,60000,precedes-close,uma-optimistic-oracle,exchange-operator,0.795301,measurement-instant,"index basis: binance vs cf-benchmarks-erti. Different observables of the same asset, which near the strike can sit on opposite sides of it.","quote-currency basis: usdt vs usd. A stablecoin-quoted price and a fiat composite are not the same number, and the peg moves.","measurement-window basis: point close at the listed time vs mean over 60s window preceding the listed time. Different statistics over different windows at the same listed time, so the legs can resolve oppositely whenever the final window moves, and the divergence is SIGNED rather than mean-zero.","threshold knife-edge: the legs sit ONE quotation tick apart (1959.99 vs 1960 on a 0.01 grid), so any settled value in (1959.99, 1960] resolves them oppositely, the closed endpoint included. The population at risk is narrow, but the settled value need not land on that grid."
polymarket:3720413|kalshi:KXETHD-26AUG1910-T1969.99,crypto:eth,Ethereum,3720413,ethereum-above-1970-on-august-19-2026-10am-et,"Ethereum above 1,970 on August 19, 10AM ET?",KXETHD-26AUG1910-T1969.99,"Ethereum price at Aug 19, 2026 at 10am EDT?","$1,970 or above",1970,exclusive,above,1969.99,exclusive,above,0.01,2026-08-19T14:00:00Z,1787148000000,0,binance,cf-benchmarks-erti,usdt,usd,point-close,0,ends-at-close,window-mean,60000,precedes-close,uma-optimistic-oracle,exchange-operator,0.795302,measurement-instant,"index basis: binance vs cf-benchmarks-erti. Different observables of the same asset, which near the strike can sit on opposite sides of it.","quote-currency basis: usdt vs usd. A stablecoin-quoted price and a fiat composite are not the same number, and the peg moves.","measurement-window basis: point close at the listed time vs mean over 60s window preceding the listed time. Different statistics over different windows at the same listed time, so the legs can resolve oppositely whenever the final window moves, and the divergence is SIGNED rather than mean-zero.","threshold knife-edge: the legs sit ONE quotation tick apart (1969.99 vs 1970 on a 0.01 grid), so any settled value in (1969.99, 1970] resolves them oppositely, the closed endpoint included. The population at risk is narrow, but the settled value need not land on that grid."
polymarket:3720412|kalshi:KXETHD-26AUG1910-T1979.99,crypto:eth,Ethereum,3720412,ethereum-above-1980-on-august-19-2026-10am-et,"Ethereum above 1,980 on August 19, 10AM ET?",KXETHD-26AUG1910-T1979.99,"Ethereum price at Aug 19, 2026 at 10am EDT?","$1,980 or above",1980,exclusive,above,1979.99,exclusive,above,0.01,2026-08-19T14:00:00Z,1787148000000,0,binance,cf-benchmarks-erti,usdt,usd,point-close,0,ends-at-close,window-mean,60000,precedes-close,uma-optimistic-oracle,exchange-operator,0.795303,measurement-instant,"index basis: binance vs cf-benchmarks-erti. Different observables of the same asset, which near the strike can sit on opposite sides of it.","quote-currency basis: usdt vs usd. A stablecoin-quoted price and a fiat composite are not the same number, and the peg moves.","measurement-window basis: point close at the listed time vs mean over 60s window preceding the listed time. Different statistics over different windows at the same listed time, so the legs can resolve oppositely whenever the final window moves, and the divergence is SIGNED rather than mean-zero.","threshold knife-edge: the legs sit ONE quotation tick apart (1979.99 vs 1980 on a 0.01 grid), so any settled value in (1979.99, 1980] resolves them oppositely, the closed endpoint included. The population at risk is narrow, but the settled value need not land on that grid."
polymarket:3720411|kalshi:KXETHD-26AUG1910-T1989.99,crypto:eth,Ethereum,3720411,ethereum-above-1990-on-august-19-2026-10am-et,"Ethereum above 1,990 on August 19, 10AM ET?",KXETHD-26AUG1910-T1989.99,"Ethereum price at Aug 19, 2026 at 10am EDT?","$1,990 or above",1990,exclusive,above,1989.99,exclusive,above,0.01,2026-08-19T14:00:00Z,1787148000000,0,binance,cf-benchmarks-erti,usdt,usd,point-close,0,ends-at-close,window-mean,60000,precedes-close,uma-optimistic-oracle,exchange-operator,0.795304,measurement-instant,"index basis: binance vs cf-benchmarks-erti. Different observables of the same asset, which near the strike can sit on opposite sides of it.","quote-currency basis: usdt vs usd. A stablecoin-quoted price and a fiat composite are not the same number, and the peg moves.","measurement-window basis: point close at the listed time vs mean over 60s window preceding the listed time. Different statistics over different windows at the same listed time, so the legs can resolve oppositely whenever the final window moves, and the divergence is SIGNED rather than mean-zero.","threshold knife-edge: the legs sit ONE quotation tick apart (1989.99 vs 1990 on a 0.01 grid), so any settled value in (1989.99, 1990] resolves them oppositely, the closed endpoint included. The population at risk is narrow, but the settled value need not land on that grid."
polymarket:3720410|kalshi:KXETHD-26AUG1910-T1999.99,crypto:eth,Ethereum,3720410,ethereum-above-2000-on-august-19-2026-10am-et,"Ethereum above 2,000 on August 19, 10AM ET?",KXETHD-26AUG1910-T1999.99,"Ethereum price at Aug 19, 2026 at 10am EDT?","$2,000 or above",2000,exclusive,above,1999.99,exclusive,above,0.01,2026-08-19T14:00:00Z,1787148000000,0,binance,cf-benchmarks-erti,usdt,usd,point-close,0,ends-at-close,window-mean,60000,precedes-close,uma-optimistic-oracle,exchange-operator,0.795305,measurement-instant,"index basis: binance vs cf-benchmarks-erti. Different observables of the same asset, which near the strike can sit on opposite sides of it.","quote-currency basis: usdt vs usd. A stablecoin-quoted price and a fiat composite are not the same number, and the peg moves.","measurement-window basis: point close at the listed time vs mean over 60s window preceding the listed time. Different statistics over different windows at the same listed time, so the legs can resolve oppositely whenever the final window moves, and the divergence is SIGNED rather than mean-zero.","threshold knife-edge: the legs sit ONE quotation tick apart (1999.99 vs 2000 on a 0.01 grid), so any settled value in (1999.99, 2000] resolves them oppositely, the closed endpoint included. The population at risk is narrow, but the settled value need not land on that grid."
polymarket:3720409|kalshi:KXETHD-26AUG1910-T2009.99,crypto:eth,Ethereum,3720409,ethereum-above-2010-on-august-19-2026-10am-et,"Ethereum above 2,010 on August 19, 10AM ET?",KXETHD-26AUG1910-T2009.99,"Ethereum price at Aug 19, 2026 at 10am EDT?","$2,010 or above",2010,exclusive,above,2009.99,exclusive,above,0.01,2026-08-19T14:00:00Z,1787148000000,0,binance,cf-benchmarks-erti,usdt,usd,point-close,0,ends-at-close,window-mean,60000,precedes-close,uma-optimistic-oracle,exchange-operator,0.795305,measurement-instant,"index basis: binance vs cf-benchmarks-erti. Different observables of the same asset, which near the strike can sit on opposite sides of it.","quote-currency basis: usdt vs usd. A stablecoin-quoted price and a fiat composite are not the same number, and the peg moves.","measurement-window basis: point close at the listed time vs mean over 60s window preceding the listed time. Different statistics over different windows at the same listed time, so the legs can resolve oppositely whenever the final window moves, and the divergence is SIGNED rather than mean-zero.","threshold knife-edge: the legs sit ONE quotation tick apart (2009.99 vs 2010 on a 0.01 grid), so any settled value in (2009.99, 2010] resolves them oppositely, the closed endpoint included. The population at risk is narrow, but the settled value need not land on that grid."
polymarket:3733235|kalshi:KXETHD-26AUG1922-T2189.99,crypto:eth,Ethereum,3733235,ethereum-above-2190-on-august-19-2026-10pm-et,"Ethereum above 2,190 on August 19, 10PM ET?",KXETHD-26AUG1922-T2189.99,"Ethereum price at Aug 19, 2026 at 10pm EDT?","$2,190 or above",2190,exclusive,above,2189.99,exclusive,above,0.01,2026-08-20T02:00:00Z,1787191200000,0,binance,cf-benchmarks-erti,usdt,usd,point-close,0,ends-at-close,window-mean,60000,precedes-close,uma-optimistic-oracle,exchange-operator,0.795318,measurement-instant,"index basis: binance vs cf-benchmarks-erti. Different observables of the same asset, which near the strike can sit on opposite sides of it.","quote-currency basis: usdt vs usd. A stablecoin-quoted price and a fiat composite are not the same number, and the peg moves.","measurement-window basis: point close at the listed time vs mean over 60s window preceding the listed time. Different statistics over different windows at the same listed time, so the legs can resolve oppositely whenever the final window moves, and the divergence is SIGNED rather than mean-zero.","threshold knife-edge: the legs sit ONE quotation tick apart (2189.99 vs 2190 on a 0.01 grid), so any settled value in (2189.99, 2190] resolves them oppositely, the closed endpoint included. The population at risk is narrow, but the settled value need not land on that grid."
polymarket:3733234|kalshi:KXETHD-26AUG1922-T2199.99,crypto:eth,Ethereum,3733234,ethereum-above-2200-on-august-19-2026-10pm-et,"Ethereum above 2,200 on August 19, 10PM ET?",KXETHD-26AUG1922-T2199.99,"Ethereum price at Aug 19, 2026 at 10pm EDT?","$2,200 or above",2200,exclusive,above,2199.99,exclusive,above,0.01,2026-08-20T02:00:00Z,1787191200000,0,binance,cf-benchmarks-erti,usdt,usd,point-close,0,ends-at-close,window-mean,60000,precedes-close,uma-optimistic-oracle,exchange-operator,0.795318,measurement-instant,"index basis: binance vs cf-benchmarks-erti. Different observables of the same asset, which near the strike can sit on opposite sides of it.","quote-currency basis: usdt vs usd. A stablecoin-quoted price and a fiat composite are not the same number, and the peg moves.","measurement-window basis: point close at the listed time vs mean over 60s window preceding the listed time. Different statistics over different windows at the same listed time, so the legs can resolve oppositely whenever the final window moves, and the divergence is SIGNED rather than mean-zero.","threshold knife-edge: the legs sit ONE quotation tick apart (2199.99 vs 2200 on a 0.01 grid), so any settled value in (2199.99, 2200] resolves them oppositely, the closed endpoint included. The population at risk is narrow, but the settled value need not land on that grid."
polymarket:3733233|kalshi:KXETHD-26AUG1922-T2209.99,crypto:eth,Ethereum,3733233,ethereum-above-2210-on-august-19-2026-10pm-et,"Ethereum above 2,210 on August 19, 10PM ET?",KXETHD-26AUG1922-T2209.99,"Ethereum price at Aug 19, 2026 at 10pm EDT?","$2,210 or above",2210,exclusive,above,2209.99,exclusive,above,0.01,2026-08-20T02:00:00Z,1787191200000,0,binance,cf-benchmarks-erti,usdt,usd,point-close,0,ends-at-close,window-mean,60000,precedes-close,uma-optimistic-oracle,exchange-operator,0.795319,measurement-instant,"index basis: binance vs cf-benchmarks-erti. Different observables of the same asset, which near the strike can sit on opposite sides of it.","quote-currency basis: usdt vs usd. A stablecoin-quoted price and a fiat composite are not the same number, and the peg moves.","measurement-window basis: point close at the listed time vs mean over 60s window preceding the listed time. Different statistics over different windows at the same listed time, so the legs can resolve oppositely whenever the final window moves, and the divergence is SIGNED rather than mean-zero.","threshold knife-edge: the legs sit ONE quotation tick apart (2209.99 vs 2210 on a 0.01 grid), so any settled value in (2209.99, 2210] resolves them oppositely, the closed endpoint included. The population at risk is narrow, but the settled value need not land on that grid."
polymarket:3733232|kalshi:KXETHD-26AUG1922-T2219.99,crypto:eth,Ethereum,3733232,ethereum-above-2220-on-august-19-2026-10pm-et,"Ethereum above 2,220 on August 19, 10PM ET?",KXETHD-26AUG1922-T2219.99,"Ethereum price at Aug 19, 2026 at 10pm EDT?","$2,220 or above",2220,exclusive,above,2219.99,exclusive,above,0.01,2026-08-20T02:00:00Z,1787191200000,0,binance,cf-benchmarks-erti,usdt,usd,point-close,0,ends-at-close,window-mean,60000,precedes-close,uma-optimistic-oracle,exchange-operator,0.795319,measurement-instant,"index basis: binance vs cf-benchmarks-erti. Different observables of the same asset, which near the strike can sit on opposite sides of it.","quote-currency basis: usdt vs usd. A stablecoin-quoted price and a fiat composite are not the same number, and the peg moves.","measurement-window basis: point close at the listed time vs mean over 60s window preceding the listed time. Different statistics over different windows at the same listed time, so the legs can resolve oppositely whenever the final window moves, and the divergence is SIGNED rather than mean-zero.","threshold knife-edge: the legs sit ONE quotation tick apart (2219.99 vs 2220 on a 0.01 grid), so any settled value in (2219.99, 2220] resolves them oppositely, the closed endpoint included. The population at risk is narrow, but the settled value need not land on that grid."
polymarket:3733231|kalshi:KXETHD-26AUG1922-T2229.99,crypto:eth,Ethereum,3733231,ethereum-above-2230-on-august-19-2026-10pm-et,"Ethereum above 2,230 on August 19, 10PM ET?",KXETHD-26AUG1922-T2229.99,"Ethereum price at Aug 19, 2026 at 10pm EDT?","$2,230 or above",2230,exclusive,above,2229.99,exclusive,above,0.01,2026-08-20T02:00:00Z,1787191200000,0,binance,cf-benchmarks-erti,usdt,usd,point-close,0,ends-at-close,window-mean,60000,precedes-close,uma-optimistic-oracle,exchange-operator,0.79532,measurement-instant,"index basis: binance vs cf-benchmarks-erti. Different observables of the same asset, which near the strike can sit on opposite sides of it.","quote-currency basis: usdt vs usd. A stablecoin-quoted price and a fiat composite are not the same number, and the peg moves.","measurement-window basis: point close at the listed time vs mean over 60s window preceding the listed time. Different statistics over different windows at the same listed time, so the legs can resolve oppositely whenever the final window moves, and the divergence is SIGNED rather than mean-zero.","threshold knife-edge: the legs sit ONE quotation tick apart (2229.99 vs 2230 on a 0.01 grid), so any settled value in (2229.99, 2230] resolves them oppositely, the closed endpoint included. The population at risk is narrow, but the settled value need not land on that grid."
polymarket:3733230|kalshi:KXETHD-26AUG1922-T2239.99,crypto:eth,Ethereum,3733230,ethereum-above-2240-on-august-19-2026-10pm-et,"Ethereum above 2,240 on August 19, 10PM ET?",KXETHD-26AUG1922-T2239.99,"Ethereum price at Aug 19, 2026 at 10pm EDT?","$2,240 or above",2240,exclusive,above,2239.99,exclusive,above,0.01,2026-08-20T02:00:00Z,1787191200000,0,binance,cf-benchmarks-erti,usdt,usd,point-close,0,ends-at-close,window-mean,60000,precedes-close,uma-optimistic-oracle,exchange-operator,0.795321,measurement-instant,"index basis: binance vs cf-benchmarks-erti. Different observables of the same asset, which near the strike can sit on opposite sides of it.","quote-currency basis: usdt vs usd. A stablecoin-quoted price and a fiat composite are not the same number, and the peg moves.","measurement-window basis: point close at the listed time vs mean over 60s window preceding the listed time. Different statistics over different windows at the same listed time, so the legs can resolve oppositely whenever the final window moves, and the divergence is SIGNED rather than mean-zero.","threshold knife-edge: the legs sit ONE quotation tick apart (2239.99 vs 2240 on a 0.01 grid), so any settled value in (2239.99, 2240] resolves them oppositely, the closed endpoint included. The population at risk is narrow, but the settled value need not land on that grid."
polymarket:3733229|kalshi:KXETHD-26AUG1922-T2249.99,crypto:eth,Ethereum,3733229,ethereum-above-2250-on-august-19-2026-10pm-et,"Ethereum above 2,250 on August 19, 10PM ET?",KXETHD-26AUG1922-T2249.99,"Ethereum price at Aug 19, 2026 at 10pm EDT?","$2,250 or above",2250,exclusive,above,2249.99,exclusive,above,0.01,2026-08-20T02:00:00Z,1787191200000,0,binance,cf-benchmarks-erti,usdt,usd,point-close,0,ends-at-close,window-mean,60000,precedes-close,uma-optimistic-oracle,exchange-operator,0.795321,measurement-instant,"index basis: binance vs cf-benchmarks-erti. Different observables of the same asset, which near the strike can sit on opposite sides of it.","quote-currency basis: usdt vs usd. A stablecoin-quoted price and a fiat composite are not the same number, and the peg moves.","measurement-window basis: point close at the listed time vs mean over 60s window preceding the listed time. Different statistics over different windows at the same listed time, so the legs can resolve oppositely whenever the final window moves, and the divergence is SIGNED rather than mean-zero.","threshold knife-edge: the legs sit ONE quotation tick apart (2249.99 vs 2250 on a 0.01 grid), so any settled value in (2249.99, 2250] resolves them oppositely, the closed endpoint included. The population at risk is narrow, but the settled value need not land on that grid."
polymarket:3733228|kalshi:KXETHD-26AUG1922-T2259.99,crypto:eth,Ethereum,3733228,ethereum-above-2260-on-august-19-2026-10pm-et,"Ethereum above 2,260 on August 19, 10PM ET?",KXETHD-26AUG1922-T2259.99,"Ethereum price at Aug 19, 2026 at 10pm EDT?","$2,260 or above",2260,exclusive,above,2259.99,exclusive,above,0.01,2026-08-20T02:00:00Z,1787191200000,0,binance,cf-benchmarks-erti,usdt,usd,point-close,0,ends-at-close,window-mean,60000,precedes-close,uma-optimistic-oracle,exchange-operator,0.795322,measurement-instant,"index basis: binance vs cf-benchmarks-erti. Different observables of the same asset, which near the strike can sit on opposite sides of it.","quote-currency basis: usdt vs usd. A stablecoin-quoted price and a fiat composite are not the same number, and the peg moves.","measurement-window basis: point close at the listed time vs mean over 60s window preceding the listed time. Different statistics over different windows at the same listed time, so the legs can resolve oppositely whenever the final window moves, and the divergence is SIGNED rather than mean-zero.","threshold knife-edge: the legs sit ONE quotation tick apart (2259.99 vs 2260 on a 0.01 grid), so any settled value in (2259.99, 2260] resolves them oppositely, the closed endpoint included. The population at risk is narrow, but the settled value need not land on that grid."
polymarket:3733227|kalshi:KXETHD-26AUG1922-T2279.99,crypto:eth,Ethereum,3733227,ethereum-above-2280-on-august-19-2026-10pm-et,"Ethereum above 2,280 on August 19, 10PM ET?",KXETHD-26AUG1922-T2279.99,"Ethereum price at Aug 19, 2026 at 10pm EDT?","$2,280 or above",2280,exclusive,above,2279.99,exclusive,above,0.01,2026-08-20T02:00:00Z,1787191200000,0,binance,cf-benchmarks-erti,usdt,usd,point-close,0,ends-at-close,window-mean,60000,precedes-close,uma-optimistic-oracle,exchange-operator,0.795323,measurement-instant,"index basis: binance vs cf-benchmarks-erti. Different observables of the same asset, which near the strike can sit on opposite sides of it.","quote-currency basis: usdt vs usd. A stablecoin-quoted price and a fiat composite are not the same number, and the peg moves.","measurement-window basis: point close at the listed time vs mean over 60s window preceding the listed time. Different statistics over different windows at the same listed time, so the legs can resolve oppositely whenever the final window moves, and the divergence is SIGNED rather than mean-zero.","threshold knife-edge: the legs sit ONE quotation tick apart (2279.99 vs 2280 on a 0.01 grid), so any settled value in (2279.99, 2280] resolves them oppositely, the closed endpoint included. The population at risk is narrow, but the settled value need not land on that grid."
polymarket:3733226|kalshi:KXETHD-26AUG1922-T2289.99,crypto:eth,Ethereum,3733226,ethereum-above-2290-on-august-19-2026-10pm-et,"Ethereum above 2,290 on August 19, 10PM ET?",KXETHD-26AUG1922-T2289.99,"Ethereum price at Aug 19, 2026 at 10pm EDT?","$2,290 or above",2290,exclusive,above,2289.99,exclusive,above,0.01,2026-08-20T02:00:00Z,1787191200000,0,binance,cf-benchmarks-erti,usdt,usd,point-close,0,ends-at-close,window-mean,60000,precedes-close,uma-optimistic-oracle,exchange-operator,0.795324,measurement-instant,"index basis: binance vs cf-benchmarks-erti. Different observables of the same asset, which near the strike can sit on opposite sides of it.","quote-currency basis: usdt vs usd. A stablecoin-quoted price and a fiat composite are not the same number, and the peg moves.","measurement-window basis: point close at the listed time vs mean over 60s window preceding the listed time. Different statistics over different windows at the same listed time, so the legs can resolve oppositely whenever the final window moves, and the divergence is SIGNED rather than mean-zero.","threshold knife-edge: the legs sit ONE quotation tick apart (2289.99 vs 2290 on a 0.01 grid), so any settled value in (2289.99, 2290] resolves them oppositely, the closed endpoint included. The population at risk is narrow, but the settled value need not land on that grid."
polymarket:3733225|kalshi:KXETHD-26AUG1922-T2299.99,crypto:eth,Ethereum,3733225,ethereum-above-2300-on-august-19-2026-10pm-et,"Ethereum above 2,300 on August 19, 10PM ET?",KXETHD-26AUG1922-T2299.99,"Ethereum price at Aug 19, 2026 at 10pm EDT?","$2,300 or above",2300,exclusive,above,2299.99,exclusive,above,0.01,2026-08-20T02:00:00Z,1787191200000,0,binance,cf-benchmarks-erti,usdt,usd,point-close,0,ends-at-close,window-mean,60000,precedes-close,uma-optimistic-oracle,exchange-operator,0.795324,measurement-instant,"index basis: binance vs cf-benchmarks-erti. Different observables of the same asset, which near the strike can sit on opposite sides of it.","quote-currency basis: usdt vs usd. A stablecoin-quoted price and a fiat composite are not the same number, and the peg moves.","measurement-window basis: point close at the listed time vs mean over 60s window preceding the listed time. Different statistics over different windows at the same listed time, so the legs can resolve oppositely whenever the final window moves, and the divergence is SIGNED rather than mean-zero.","threshold knife-edge: the legs sit ONE quotation tick apart (2299.99 vs 2300 on a 0.01 grid), so any settled value in (2299.99, 2300] resolves them oppositely, the closed endpoint included. The population at risk is narrow, but the settled value need not land on that grid."
polymarket:3733224|kalshi:KXETHD-26AUG1922-T2309.99,crypto:eth,Ethereum,3733224,ethereum-above-2310-on-august-19-2026-10pm-et,"Ethereum above 2,310 on August 19, 10PM ET?",KXETHD-26AUG1922-T2309.99,"Ethereum price at Aug 19, 2026 at 10pm EDT?","$2,310 or above",2310,exclusive,above,2309.99,exclusive,above,0.01,2026-08-20T02:00:00Z,1787191200000,0,binance,cf-benchmarks-erti,usdt,usd,point-close,0,ends-at-close,window-mean,60000,precedes-close,uma-optimistic-oracle,exchange-operator,0.795325,measurement-instant,"index basis: binance vs cf-benchmarks-erti. Different observables of the same asset, which near the strike can sit on opposite sides of it.","quote-currency basis: usdt vs usd. A stablecoin-quoted price and a fiat composite are not the same number, and the peg moves.","measurement-window basis: point close at the listed time vs mean over 60s window preceding the listed time. Different statistics over different windows at the same listed time, so the legs can resolve oppositely whenever the final window moves, and the divergence is SIGNED rather than mean-zero.","threshold knife-edge: the legs sit ONE quotation tick apart (2309.99 vs 2310 on a 0.01 grid), so any settled value in (2309.99, 2310] resolves them oppositely, the closed endpoint included. The population at risk is narrow, but the settled value need not land on that grid."
polymarket:3733223|kalshi:KXETHD-26AUG1922-T2319.99,crypto:eth,Ethereum,3733223,ethereum-above-2320-on-august-19-2026-10pm-et,"Ethereum above 2,320 on August 19, 10PM ET?",KXETHD-26AUG1922-T2319.99,"Ethereum price at Aug 19, 2026 at 10pm EDT?","$2,320 or above",2320,exclusive,above,2319.99,exclusive,above,0.01,2026-08-20T02:00:00Z,1787191200000,0,binance,cf-benchmarks-erti,usdt,usd,point-close,0,ends-at-close,window-mean,60000,precedes-close,uma-optimistic-oracle,exchange-operator,0.795325,measurement-instant,"index basis: binance vs cf-benchmarks-erti. Different observables of the same asset, which near the strike can sit on opposite sides of it.","quote-currency basis: usdt vs usd. A stablecoin-quoted price and a fiat composite are not the same number, and the peg moves.","measurement-window basis: point close at the listed time vs mean over 60s window preceding the listed time. Different statistics over different windows at the same listed time, so the legs can resolve oppositely whenever the final window moves, and the divergence is SIGNED rather than mean-zero.","threshold knife-edge: the legs sit ONE quotation tick apart (2319.99 vs 2320 on a 0.01 grid), so any settled value in (2319.99, 2320] resolves them oppositely, the closed endpoint included. The population at risk is narrow, but the settled value need not land on that grid."
polymarket:3733222|kalshi:KXETHD-26AUG1922-T2329.99,crypto:eth,Ethereum,3733222,ethereum-above-2330-on-august-19-2026-10pm-et,"Ethereum above 2,330 on August 19, 10PM ET?",KXETHD-26AUG1922-T2329.99,"Ethereum price at Aug 19, 2026 at 10pm EDT?","$2,330 or above",2330,exclusive,above,2329.99,exclusive,above,0.01,2026-08-20T02:00:00Z,1787191200000,0,binance,cf-benchmarks-erti,usdt,usd,point-close,0,ends-at-close,window-mean,60000,precedes-close,uma-optimistic-oracle,exchange-operator,0.795326,measurement-instant,"index basis: binance vs cf-benchmarks-erti. Different observables of the same asset, which near the strike can sit on opposite sides of it.","quote-currency basis: usdt vs usd. A stablecoin-quoted price and a fiat composite are not the same number, and the peg moves.","measurement-window basis: point close at the listed time vs mean over 60s window preceding the listed time. Different statistics over different windows at the same listed time, so the legs can resolve oppositely whenever the final window moves, and the divergence is SIGNED rather than mean-zero.","threshold knife-edge: the legs sit ONE quotation tick apart (2329.99 vs 2330 on a 0.01 grid), so any settled value in (2329.99, 2330] resolves them oppositely, the closed endpoint included. The population at risk is narrow, but the settled value need not land on that grid."
polymarket:3733221|kalshi:KXETHD-26AUG1922-T2339.99,crypto:eth,Ethereum,3733221,ethereum-above-2340-on-august-19-2026-10pm-et,"Ethereum above 2,340 on August 19, 10PM ET?",KXETHD-26AUG1922-T2339.99,"Ethereum price at Aug 19, 2026 at 10pm EDT?","$2,340 or above",2340,exclusive,above,2339.99,exclusive,above,0.01,2026-08-20T02:00:00Z,1787191200000,0,binance,cf-benchmarks-erti,usdt,usd,point-close,0,ends-at-close,window-mean,60000,precedes-close,uma-optimistic-oracle,exchange-operator,0.795326,measurement-instant,"index basis: binance vs cf-benchmarks-erti. Different observables of the same asset, which near the strike can sit on opposite sides of it.","quote-currency basis: usdt vs usd. A stablecoin-quoted price and a fiat composite are not the same number, and the peg moves.","measurement-window basis: point close at the listed time vs mean over 60s window preceding the listed time. Different statistics over different windows at the same listed time, so the legs can resolve oppositely whenever the final window moves, and the divergence is SIGNED rather than mean-zero.","threshold knife-edge: the legs sit ONE quotation tick apart (2339.99 vs 2340 on a 0.01 grid), so any settled value in (2339.99, 2340] resolves them oppositely, the closed endpoint included. The population at risk is narrow, but the settled value need not land on that grid."
polymarket:3733220|kalshi:KXETHD-26AUG1922-T2349.99,crypto:eth,Ethereum,3733220,ethereum-above-2350-on-august-19-2026-10pm-et,"Ethereum above 2,350 on August 19, 10PM ET?",KXETHD-26AUG1922-T2349.99,"Ethereum price at Aug 19, 2026 at 10pm EDT?","$2,350 or above",2350,exclusive,above,2349.99,exclusive,above,0.01,2026-08-20T02:00:00Z,1787191200000,0,binance,cf-benchmarks-erti,usdt,usd,point-close,0,ends-at-close,window-mean,60000,precedes-close,uma-optimistic-oracle,exchange-operator,0.795327,measurement-instant,"index basis: binance vs cf-benchmarks-erti. Different observables of the same asset, which near the strike can sit on opposite sides of it.","quote-currency basis: usdt vs usd. A stablecoin-quoted price and a fiat composite are not the same number, and the peg moves.","measurement-window basis: point close at the listed time vs mean over 60s window preceding the listed time. Different statistics over different windows at the same listed time, so the legs can resolve oppositely whenever the final window moves, and the divergence is SIGNED rather than mean-zero.","threshold knife-edge: the legs sit ONE quotation tick apart (2349.99 vs 2350 on a 0.01 grid), so any settled value in (2349.99, 2350] resolves them oppositely, the closed endpoint included. The population at risk is narrow, but the settled value need not land on that grid."
